CITY_NAME,S_NAME,dominant_top60,max_count_top60,match_type2,plot_label
世田谷区,給田五丁目,杏林大学医学部付属病院,791.0,exact,杏林大学医学部付属病院
世田谷区,北烏山四丁目,杏林大学医学部付属病院,975.0,exact,杏林大学医学部付属病院
世田谷区,北烏山五丁目,杏林大学医学部付属病院,641.0,exact,杏林大学医学部付属病院
世田谷区,北烏山七丁目,医療法人社団　Ｈｅａｒｔ　Ｓｔａｔｉｏｎ　こころ診療所吉祥寺駅前,1288.0,exact,医療法人社団　Ｈｅａｒｔ　Ｓｔａｔｉｏｎ　こころ診療所吉祥寺駅前
世田谷区,北烏山八丁目,杏林大学医学部付属病院,936.0,exact,杏林大学医学部付属病院
中野区,若宮三丁目,藤村病院,605.0,exact,藤村病院
中野区,白鷺一丁目,藤村病院,1968.0,exact,藤村病院
中野区,白鷺二丁目,藤村病院,1838.0,exact,藤村病院
中野区,白鷺三丁目,藤村病院,658.0,exact,藤村病院
中野区,鷺宮三丁目,藤村病院,443.0,exact,藤村病院
中野区,鷺宮四丁目,藤村病院,573.0,exact,藤村病院
中野区,鷺宮五丁目,順天堂大学医学部附属練馬病院,246.0,exact,順天堂大学医学部附属練馬病院
中野区,鷺宮六丁目,藤村病院,815.0,exact,藤村病院
中野区,上鷺宮一丁目,藤村病院,433.0,exact,藤村病院
中野区,上鷺宮二丁目,藤村病院,356.0,exact,藤村病院
中野区,上鷺宮三丁目,藤村病院,522.0,exact,藤村病院
中野区,上鷺宮四丁目,順天堂大学医学部附属練馬病院,736.0,exact,順天堂大学医学部附属練馬病院
中野区,上鷺宮五丁目,順天堂大学医学部附属練馬病院,546.0,exact,順天堂大学医学部附属練馬病院
杉並区,梅里二丁目,阿佐ヶ谷すずき診療所,4349.0,exact,阿佐ヶ谷すずき診療所
杉並区,阿佐谷南一丁目,阿佐ヶ谷すずき診療所,4319.0,exact,阿佐ヶ谷すずき診療所
杉並区,阿佐谷南二丁目,河北総合病院 分院,1490.0,exact,河北総合病院 分院
杉並区,阿佐谷南三丁目,河北総合病院 分院,1546.0,exact,河北総合病院 分院
杉並区,阿佐谷北一丁目,河北総合病院 分院,7630.0,exact,河北総合病院 分院
杉並区,阿佐谷北二丁目,河北総合病院 分院,3149.0,exact,河北総合病院 分院
杉並区,阿佐谷北三丁目,河北総合病院 分院,3350.0,exact,河北総合病院 分院
杉並区,阿佐谷北四丁目,藤村病院,8195.0,exact,藤村病院
杉並区,阿佐谷北五丁目,河北総合病院 分院,4366.0,exact,河北総合病院 分院
杉並区,阿佐谷北六丁目,藤村病院,3630.0,exact,藤村病院
杉並区,天沼一丁目,河北総合病院 分院,1597.0,exact,河北総合病院 分院
杉並区,天沼二丁目,天沼診療所,3202.0,exact,天沼診療所
杉並区,天沼三丁目,天沼診療所,9917.0,exact,天沼診療所
杉並区,本天沼一丁目,藤村病院,3367.0,exact,藤村病院
杉並区,本天沼二丁目,医療法人財団　アドベンチスト会　東京衛生アドベンチスト病院,1819.0,exact,医療法人財団　アドベンチスト会　東京衛生アドベンチスト病院
杉並区,本天沼三丁目,天沼診療所,6737.0,exact,天沼診療所
杉並区,成田西二丁目,医療法人社団　杏順会　越川病院,304.0,exact,医療法人社団　杏順会　越川病院
杉並区,成田西三丁目,河北総合病院 分院,395.0,exact,河北総合病院 分院
杉並区,成田西四丁目,医療法人財団　荻窪病院,240.0,exact,医療法人財団　荻窪病院
杉並区,成田東三丁目,阿佐ヶ谷すずき診療所,2243.0,exact,阿佐ヶ谷すずき診療所
杉並区,成田東四丁目,阿佐ヶ谷すずき診療所,5192.0,exact,阿佐ヶ谷すずき診療所
杉並区,成田東五丁目,河北総合病院 分院,1814.0,exact,河北総合病院 分院
杉並区,荻窪一丁目,杉並区休日等夜間急病診療所,1672.0,exact,杉並区休日等夜間急病診療所
杉並区,荻窪二丁目,杉並区休日等夜間急病診療所,2829.0,exact,杉並区休日等夜間急病診療所
杉並区,荻窪三丁目,杉並区休日等夜間急病診療所,3980.0,exact,杉並区休日等夜間急病診療所
杉並区,荻窪四丁目,杉並区休日等夜間急病診療所,4249.0,exact,杉並区休日等夜間急病診療所
杉並区,荻窪五丁目,杉並区休日等夜間急病診療所,5513.0,exact,杉並区休日等夜間急病診療所
杉並区,南荻窪一丁目,杉並区休日等夜間急病診療所,2474.0,exact,杉並区休日等夜間急病診療所
杉並区,南荻窪二丁目,杉並区休日等夜間急病診療所,1369.0,exact,杉並区休日等夜間急病診療所
杉並区,南荻窪三丁目,城西病院,2288.0,exact,城西病院
杉並区,南荻窪四丁目,杉並区休日等夜間急病診療所,1856.0,exact,杉並区休日等夜間急病診療所
杉並区,上荻一丁目,医療法人財団　アドベンチスト会　東京衛生アドベンチスト病院,678.0,exact,医療法人財団　アドベンチスト会　東京衛生アドベンチスト病院
杉並区,上荻二丁目,城西病院,9524.0,exact,城西病院
杉並区,上荻三丁目,城西病院,2520.0,exact,城西病院
杉並区,上荻四丁目,城西病院,1885.0,exact,城西病院
杉並区,西荻南一丁目,医療法人社団　Ｈｅａｒｔ　Ｓｔａｔｉｏｎ　こころ診療所吉祥寺駅前,643.0,exact,医療法人社団　Ｈｅａｒｔ　Ｓｔａｔｉｏｎ　こころ診療所吉祥寺駅前
杉並区,西荻南二丁目,医療法人財団　荻窪病院,1219.0,exact,医療法人財団　荻窪病院
杉並区,西荻南三丁目,杉並リハビリテーション病院,719.0,exact,杉並リハビリテーション病院
杉並区,西荻南四丁目,杉並リハビリテーション病院,1776.0,exact,杉並リハビリテーション病院
杉並区,西荻北一丁目,杉並リハビリテーション病院,3745.0,exact,杉並リハビリテーション病院
杉並区,西荻北二丁目,杉並リハビリテーション病院,7174.0,exact,杉並リハビリテーション病院
杉並区,西荻北三丁目,杉並リハビリテーション病院,1987.0,exact,杉並リハビリテーション病院
杉並区,西荻北四丁目,医療法人財団　荻窪病院,1281.0,exact,医療法人財団　荻窪病院
杉並区,西荻北五丁目,医療法人財団　荻窪病院,1073.0,exact,医療法人財団　荻窪病院
杉並区,今川一丁目,医療法人財団　荻窪病院,1713.0,exact,医療法人財団　荻窪病院
杉並区,今川二丁目,医療法人財団　荻窪病院,1430.0,exact,医療法人財団　荻窪病院
杉並区,今川三丁目,医療法人財団　荻窪病院,3838.0,exact,医療法人財団　荻窪病院
杉並区,今川四丁目,医療法人社団　杏順会　越川病院,1483.0,exact,医療法人社団　杏順会　越川病院
杉並区,清水一丁目,医療法人財団　アドベンチスト会　東京衛生アドベンチスト病院,7258.0,exact,医療法人財団　アドベンチスト会　東京衛生アドベンチスト病院
杉並区,清水二丁目,天沼診療所,1654.0,exact,天沼診療所
杉並区,清水三丁目,医療法人財団　アドベンチスト会　東京衛生アドベンチスト病院,2133.0,exact,医療法人財団　アドベンチスト会　東京衛生アドベンチスト病院
杉並区,桃井一丁目,城西病院,8419.0,exact,城西病院
杉並区,桃井二丁目,城西病院,4134.0,exact,城西病院
杉並区,桃井三丁目,医療法人財団　荻窪病院,2943.0,exact,医療法人財団　荻窪病院
杉並区,桃井四丁目,城西病院,1786.0,exact,城西病院
杉並区,井草一丁目,藤村病院,1235.0,exact,藤村病院
杉並区,井草二丁目,順天堂大学医学部附属練馬病院,1374.0,exact,順天堂大学医学部附属練馬病院
杉並区,井草三丁目,城西病院,769.0,exact,城西病院
杉並区,井草四丁目,河北総合病院 分院,439.0,exact,河北総合病院 分院
杉並区,井草五丁目,医療法人財団　荻窪病院,802.0,exact,医療法人財団　荻窪病院
杉並区,下井草一丁目,藤村病院,4182.0,exact,藤村病院
杉並区,下井草二丁目,藤村病院,889.0,exact,藤村病院
杉並区,下井草三丁目,河北総合病院 分院,1733.0,exact,河北総合病院 分院
杉並区,下井草四丁目,医療法人財団　荻窪病院,1263.0,exact,医療法人財団　荻窪病院
杉並区,下井草五丁目,医療法人財団　荻窪病院,590.0,exact,医療法人財団　荻窪病院
杉並区,上井草一丁目,東京衛生アドベンチスト病院附属めぐみクリニック,650.0,exact,東京衛生アドベンチスト病院附属めぐみクリニック
杉並区,上井草二丁目,医療法人財団　荻窪病院,1992.0,exact,医療法人財団　荻窪病院
杉並区,上井草三丁目,医療法人財団　荻窪病院,1889.0,exact,医療法人財団　荻窪病院
杉並区,上井草四丁目,医療法人社団　杏順会　越川病院,5426.0,exact,医療法人社団　杏順会　越川病院
杉並区,善福寺一丁目,医療法人社団　杏順会　越川病院,1649.0,exact,医療法人社団　杏順会　越川病院
杉並区,善福寺二丁目,吉祥寺こころの診療所,1263.0,exact,吉祥寺こころの診療所
杉並区,善福寺三丁目,市毛診療所 東京都練馬区,3566.0,exact,市毛診療所 東京都練馬区
杉並区,善福寺四丁目,市毛診療所 東京都練馬区,2331.0,exact,市毛診療所 東京都練馬区
杉並区,松庵一丁目,医療法人社団　Ｈｅａｒｔ　Ｓｔａｔｉｏｎ　こころ診療所吉祥寺駅前,1766.0,exact,医療法人社団　Ｈｅａｒｔ　Ｓｔａｔｉｏｎ　こころ診療所吉祥寺駅前
杉並区,松庵二丁目,医療法人社団　Ｈｅａｒｔ　Ｓｔａｔｉｏｎ　こころ診療所吉祥寺駅前,793.0,exact,医療法人社団　Ｈｅａｒｔ　Ｓｔａｔｉｏｎ　こころ診療所吉祥寺駅前
杉並区,松庵三丁目,医療法人社団　Ｈｅａｒｔ　Ｓｔａｔｉｏｎ　こころ診療所吉祥寺駅前,1701.0,exact,医療法人社団　Ｈｅａｒｔ　Ｓｔａｔｉｏｎ　こころ診療所吉祥寺駅前
杉並区,宮前一丁目,医療法人社団　Ｈｅａｒｔ　Ｓｔａｔｉｏｎ　こころ診療所吉祥寺駅前,294.0,exact,医療法人社団　Ｈｅａｒｔ　Ｓｔａｔｉｏｎ　こころ診療所吉祥寺駅前
杉並区,宮前二丁目,医療法人社団　Ｈｅａｒｔ　Ｓｔａｔｉｏｎ　こころ診療所吉祥寺駅前,1192.0,exact,医療法人社団　Ｈｅａｒｔ　Ｓｔａｔｉｏｎ　こころ診療所吉祥寺駅前
杉並区,宮前三丁目,杏林大学医学部付属病院,1556.0,exact,杏林大学医学部付属病院
杉並区,宮前四丁目,医療法人社団　Ｈｅａｒｔ　Ｓｔａｔｉｏｎ　こころ診療所吉祥寺駅前,2015.0,exact,医療法人社団　Ｈｅａｒｔ　Ｓｔａｔｉｏｎ　こころ診療所吉祥寺駅前
杉並区,宮前五丁目,地方独立行政法人　東京都立病院機構　東京都立多摩北部医療センター,904.0,exact,地方独立行政法人　東京都立病院機構　東京都立多摩北部医療センター
杉並区,久我山一丁目,医療法人社団　Ｈｅａｒｔ　Ｓｔａｔｉｏｎ　こころ診療所吉祥寺駅前,628.0,exact,医療法人社団　Ｈｅａｒｔ　Ｓｔａｔｉｏｎ　こころ診療所吉祥寺駅前
杉並区,久我山二丁目,医療法人社団　Ｈｅａｒｔ　Ｓｔａｔｉｏｎ　こころ診療所吉祥寺駅前,901.0,exact,医療法人社団　Ｈｅａｒｔ　Ｓｔａｔｉｏｎ　こころ診療所吉祥寺駅前
杉並区,久我山三丁目,医療法人社団　Ｈｅａｒｔ　Ｓｔａｔｉｏｎ　こころ診療所吉祥寺駅前,2957.0,exact,医療法人社団　Ｈｅａｒｔ　Ｓｔａｔｉｏｎ　こころ診療所吉祥寺駅前
杉並区,久我山四丁目,医療法人社団　Ｈｅａｒｔ　Ｓｔａｔｉｏｎ　こころ診療所吉祥寺駅前,2011.0,exact,医療法人社団　Ｈｅａｒｔ　Ｓｔａｔｉｏｎ　こころ診療所吉祥寺駅前
杉並区,久我山五丁目,医療法人社団　Ｈｅａｒｔ　Ｓｔａｔｉｏｎ　こころ診療所吉祥寺駅前,1723.0,exact,医療法人社団　Ｈｅａｒｔ　Ｓｔａｔｉｏｎ　こころ診療所吉祥寺駅前
杉並区,高井戸東二丁目,城西病院,732.0,exact,城西病院
杉並区,高井戸東三丁目,医療法人社団　Ｈｅａｒｔ　Ｓｔａｔｉｏｎ　こころ診療所吉祥寺駅前,2090.0,exact,医療法人社団　Ｈｅａｒｔ　Ｓｔａｔｉｏｎ　こころ診療所吉祥寺駅前
杉並区,高井戸東四丁目,医療法人財団　荻窪病院,627.0,exact,医療法人財団　荻窪病院
杉並区,高井戸西一丁目,医療法人社団　Ｈｅａｒｔ　Ｓｔａｔｉｏｎ　こころ診療所吉祥寺駅前,1479.0,exact,医療法人社団　Ｈｅａｒｔ　Ｓｔａｔｉｏｎ　こころ診療所吉祥寺駅前
杉並区,高井戸西二丁目,医療法人社団　Ｈｅａｒｔ　Ｓｔａｔｉｏｎ　こころ診療所吉祥寺駅前,384.0,exact,医療法人社団　Ｈｅａｒｔ　Ｓｔａｔｉｏｎ　こころ診療所吉祥寺駅前
杉並区,高井戸西三丁目,医療法人社団　Ｈｅａｒｔ　Ｓｔａｔｉｏｎ　こころ診療所吉祥寺駅前,519.0,exact,医療法人社団　Ｈｅａｒｔ　Ｓｔａｔｉｏｎ　こころ診療所吉祥寺駅前
練馬区,中村北四丁目,順天堂大学医学部附属練馬病院,897.0,exact,順天堂大学医学部附属練馬病院
練馬区,貫井一丁目,順天堂大学医学部附属練馬病院,694.0,exact,順天堂大学医学部附属練馬病院
練馬区,貫井二丁目,順天堂大学医学部附属練馬病院,1371.0,exact,順天堂大学医学部附属練馬病院
練馬区,貫井三丁目,順天堂大学医学部附属練馬病院,2224.0,exact,順天堂大学医学部附属練馬病院
練馬区,貫井四丁目,順天堂大学医学部附属練馬病院,758.0,exact,順天堂大学医学部附属練馬病院
練馬区,貫井五丁目,順天堂大学医学部附属練馬病院,902.0,exact,順天堂大学医学部附属練馬病院
練馬区,高松二丁目,順天堂大学医学部附属練馬病院,945.0,exact,順天堂大学医学部附属練馬病院
練馬区,高松三丁目,順天堂大学医学部附属練馬病院,1252.0,exact,順天堂大学医学部附属練馬病院
練馬区,高松四丁目,順天堂大学医学部附属練馬病院,1059.0,exact,順天堂大学医学部附属練馬病院
練馬区,高松五丁目,順天堂大学医学部附属練馬病院,354.0,exact,順天堂大学医学部附属練馬病院
練馬区,高松六丁目,順天堂大学医学部附属練馬病院,827.0,exact,順天堂大学医学部附属練馬病院
練馬区,光が丘三丁目,順天堂大学医学部附属練馬病院,2358.0,exact,順天堂大学医学部附属練馬病院
練馬区,光が丘六丁目,順天堂大学医学部附属練馬病院,260.0,exact,順天堂大学医学部附属練馬病院
練馬区,光が丘七丁目,順天堂大学医学部附属練馬病院,1738.0,exact,順天堂大学医学部附属練馬病院
練馬区,土支田一丁目,順天堂大学医学部附属練馬病院,524.0,exact,順天堂大学医学部附属練馬病院
練馬区,土支田二丁目,順天堂大学医学部附属練馬病院,416.0,exact,順天堂大学医学部附属練馬病院
練馬区,土支田三丁目,練馬区石神井休日急患診療所,605.0,exact,練馬区石神井休日急患診療所
練馬区,土支田四丁目,順天堂大学医学部附属練馬病院,802.0,exact,順天堂大学医学部附属練馬病院
練馬区,富士見台一丁目,順天堂大学医学部附属練馬病院,1670.0,exact,順天堂大学医学部附属練馬病院
練馬区,富士見台二丁目,順天堂大学医学部附属練馬病院,2022.0,exact,順天堂大学医学部附属練馬病院
練馬区,富士見台三丁目,順天堂大学医学部附属練馬病院,3082.0,exact,順天堂大学医学部附属練馬病院
練馬区,富士見台四丁目,順天堂大学医学部附属練馬病院,2003.0,exact,順天堂大学医学部附属練馬病院
練馬区,南田中一丁目,順天堂大学医学部附属練馬病院,1062.0,exact,順天堂大学医学部附属練馬病院
練馬区,南田中二丁目,練馬区石神井休日急患診療所,608.0,exact,練馬区石神井休日急患診療所
練馬区,南田中三丁目,順天堂大学医学部附属練馬病院,2722.0,exact,順天堂大学医学部附属練馬病院
練馬区,南田中四丁目,練馬区石神井休日急患診療所,2142.0,exact,練馬区石神井休日急患診療所
練馬区,南田中五丁目,練馬区石神井休日急患診療所,2696.0,exact,練馬区石神井休日急患診療所
練馬区,高野台一丁目,順天堂大学医学部附属練馬病院,4556.0,exact,順天堂大学医学部附属練馬病院
練馬区,高野台二丁目,順天堂大学医学部附属練馬病院,2775.0,exact,順天堂大学医学部附属練馬病院
練馬区,高野台三丁目,順天堂大学医学部附属練馬病院,8563.0,exact,順天堂大学医学部附属練馬病院
練馬区,高野台四丁目,順天堂大学医学部附属練馬病院,3017.0,exact,順天堂大学医学部附属練馬病院
練馬区,高野台五丁目,練馬区石神井休日急患診療所,1824.0,exact,練馬区石神井休日急患診療所
練馬区,谷原一丁目,練馬区石神井休日急患診療所,1265.0,exact,練馬区石神井休日急患診療所
練馬区,谷原二丁目,順天堂大学医学部附属練馬病院,1358.0,exact,順天堂大学医学部附属練馬病院
練馬区,谷原三丁目,順天堂大学医学部附属練馬病院,678.0,exact,順天堂大学医学部附属練馬病院
練馬区,谷原四丁目,練馬区石神井休日急患診療所,924.0,exact,練馬区石神井休日急患診療所
練馬区,谷原五丁目,練馬区石神井休日急患診療所,1151.0,exact,練馬区石神井休日急患診療所
練馬区,谷原六丁目,順天堂大学医学部附属練馬病院,1180.0,exact,順天堂大学医学部附属練馬病院
練馬区,三原台一丁目,練馬区石神井休日急患診療所,3582.0,exact,練馬区石神井休日急患診療所
練馬区,三原台二丁目,練馬区石神井休日急患診療所,1363.0,exact,練馬区石神井休日急患診療所
練馬区,三原台三丁目,練馬区石神井休日急患診療所,2115.0,exact,練馬区石神井休日急患診療所
練馬区,石神井町一丁目,練馬区石神井休日急患診療所,3360.0,exact,練馬区石神井休日急患診療所
練馬区,石神井町二丁目,練馬区石神井休日急患診療所,3243.0,exact,練馬区石神井休日急患診療所
練馬区,石神井町三丁目,練馬区石神井休日急患診療所,2881.0,exact,練馬区石神井休日急患診療所
練馬区,石神井町四丁目,練馬区石神井休日急患診療所,2508.0,exact,練馬区石神井休日急患診療所
練馬区,石神井町五丁目,練馬区石神井休日急患診療所,1695.0,exact,練馬区石神井休日急患診療所
練馬区,石神井町六丁目,練馬区石神井休日急患診療所,4614.0,exact,練馬区石神井休日急患診療所
練馬区,石神井町七丁目,練馬区石神井休日急患診療所,6559.0,exact,練馬区石神井休日急患診療所
練馬区,石神井町八丁目,練馬区石神井休日急患診療所,4381.0,exact,練馬区石神井休日急患診療所
練馬区,石神井台一丁目,練馬区石神井休日急患診療所,1666.0,exact,練馬区石神井休日急患診療所
練馬区,石神井台二丁目,練馬区石神井休日急患診療所,4135.0,exact,練馬区石神井休日急患診療所
練馬区,石神井台三丁目,練馬区石神井休日急患診療所,8557.0,exact,練馬区石神井休日急患診療所
練馬区,石神井台四丁目,順天堂大学医学部附属練馬病院,2233.0,exact,順天堂大学医学部附属練馬病院
練馬区,石神井台五丁目,練馬区石神井休日急患診療所,2647.0,exact,練馬区石神井休日急患診療所
練馬区,石神井台六丁目,大泉生協病院,2397.0,exact,大泉生協病院
練馬区,石神井台七丁目,医療法人社団　千秋会　田中脳神経外科病院,888.0,exact,医療法人社団　千秋会　田中脳神経外科病院
練馬区,石神井台八丁目,医療法人社団　千秋会　田中脳神経外科病院,1349.0,exact,医療法人社団　千秋会　田中脳神経外科病院
練馬区,上石神井一丁目,市毛診療所 東京都練馬区,2283.0,exact,市毛診療所 東京都練馬区
練馬区,上石神井二丁目,医療法人社団　千秋会　田中脳神経外科病院,686.0,exact,医療法人社団　千秋会　田中脳神経外科病院
練馬区,上石神井三丁目,順天堂大学医学部附属練馬病院,1915.0,exact,順天堂大学医学部附属練馬病院
練馬区,上石神井四丁目,医療法人社団　杏順会　越川病院,1111.0,exact,医療法人社団　杏順会　越川病院
練馬区,上石神井南町,医療法人社団　杏順会　越川病院,1064.0,exact,医療法人社団　杏順会　越川病院
練馬区,下石神井一丁目,練馬区石神井休日急患診療所,1672.0,exact,練馬区石神井休日急患診療所
練馬区,下石神井二丁目,練馬区石神井休日急患診療所,1173.0,exact,練馬区石神井休日急患診療所
練馬区,下石神井三丁目,順天堂大学医学部附属練馬病院,975.0,exact,順天堂大学医学部附属練馬病院
練馬区,下石神井四丁目,順天堂大学医学部附属練馬病院,1411.0,exact,順天堂大学医学部附属練馬病院
練馬区,下石神井五丁目,練馬区石神井休日急患診療所,906.0,exact,練馬区石神井休日急患診療所
練馬区,下石神井六丁目,順天堂大学医学部附属練馬病院,1847.0,exact,順天堂大学医学部附属練馬病院
練馬区,立野町,医療法人社団　千秋会　田中脳神経外科病院,2835.0,exact,医療法人社団　千秋会　田中脳神経外科病院
練馬区,関町東一丁目,医療法人社団　千秋会　田中脳神経外科病院,1836.0,exact,医療法人社団　千秋会　田中脳神経外科病院
練馬区,関町東二丁目,練馬区石神井休日急患診療所,208.0,exact,練馬区石神井休日急患診療所
練馬区,関町北一丁目,医療法人社団　はなぶさ会　島村記念病院,1666.0,exact,医療法人社団　はなぶさ会　島村記念病院
練馬区,関町北二丁目,医療法人社団　はなぶさ会　島村記念病院,4213.0,exact,医療法人社団　はなぶさ会　島村記念病院
練馬区,関町北三丁目,医療法人社団　はなぶさ会　島村記念病院,4529.0,exact,医療法人社団　はなぶさ会　島村記念病院
練馬区,関町北四丁目,医療法人社団　杏順会　越川病院,853.0,exact,医療法人社団　杏順会　越川病院
練馬区,関町北五丁目,順天堂大学医学部附属練馬病院,1764.0,exact,順天堂大学医学部附属練馬病院
練馬区,関町南一丁目,市毛診療所 東京都練馬区,2442.0,exact,市毛診療所 東京都練馬区
練馬区,関町南二丁目,医療法人社団　千秋会　田中脳神経外科病院,3264.0,exact,医療法人社団　千秋会　田中脳神経外科病院
練馬区,関町南三丁目,医療法人社団　千秋会　田中脳神経外科病院,5540.0,exact,医療法人社団　千秋会　田中脳神経外科病院
練馬区,関町南四丁目,医療法人社団　はなぶさ会　島村記念病院,9302.0,exact,医療法人社団　はなぶさ会　島村記念病院
練馬区,東大泉一丁目,順天堂大学医学部附属練馬病院,2344.0,exact,順天堂大学医学部附属練馬病院
練馬区,東大泉二丁目,順天堂大学医学部附属練馬病院,3915.0,exact,順天堂大学医学部附属練馬病院
練馬区,東大泉三丁目,医療法人社団　久保田産婦人科病院,5315.0,exact,医療法人社団　久保田産婦人科病院
練馬区,東大泉四丁目,順天堂大学医学部附属練馬病院,967.0,exact,順天堂大学医学部附属練馬病院
練馬区,東大泉五丁目,順天堂大学医学部附属練馬病院,1841.0,exact,順天堂大学医学部附属練馬病院
練馬区,東大泉六丁目,大泉生協病院,3034.0,exact,大泉生協病院
練馬区,東大泉七丁目,順天堂大学医学部附属練馬病院,2358.0,exact,順天堂大学医学部附属練馬病院
練馬区,西大泉一丁目,順天堂大学医学部附属練馬病院,1453.0,exact,順天堂大学医学部附属練馬病院
練馬区,西大泉二丁目,順天堂大学医学部附属練馬病院,1554.0,exact,順天堂大学医学部附属練馬病院
練馬区,西大泉三丁目,順天堂大学医学部附属練馬病院,2072.0,exact,順天堂大学医学部附属練馬病院
練馬区,西大泉四丁目,医療法人社団　久保田産婦人科病院,1443.0,exact,医療法人社団　久保田産婦人科病院
練馬区,西大泉五丁目,順天堂大学医学部附属練馬病院,2672.0,exact,順天堂大学医学部附属練馬病院
練馬区,西大泉六丁目,順天堂大学医学部附属練馬病院,1959.0,exact,順天堂大学医学部附属練馬病院
練馬区,南大泉一丁目,順天堂大学医学部附属練馬病院,1723.0,exact,順天堂大学医学部附属練馬病院
練馬区,南大泉二丁目,順天堂大学医学部附属練馬病院,1718.0,exact,順天堂大学医学部附属練馬病院
練馬区,南大泉三丁目,順天堂大学医学部附属練馬病院,1705.0,exact,順天堂大学医学部附属練馬病院
練馬区,南大泉四丁目,順天堂大学医学部附属練馬病院,3417.0,exact,順天堂大学医学部附属練馬病院
練馬区,南大泉五丁目,順天堂大学医学部附属練馬病院,1758.0,exact,順天堂大学医学部附属練馬病院
練馬区,南大泉六丁目,順天堂大学医学部附属練馬病院,465.0,exact,順天堂大学医学部附属練馬病院
練馬区,大泉町一丁目,順天堂大学医学部附属練馬病院,1055.0,exact,順天堂大学医学部附属練馬病院
練馬区,大泉町二丁目,順天堂大学医学部附属練馬病院,1862.0,exact,順天堂大学医学部附属練馬病院
練馬区,大泉町三丁目,順天堂大学医学部附属練馬病院,931.0,exact,順天堂大学医学部附属練馬病院
練馬区,大泉町四丁目,順天堂大学医学部附属練馬病院,1120.0,exact,順天堂大学医学部附属練馬病院
練馬区,大泉町五丁目,医療法人社団　久保田産婦人科病院,1262.0,exact,医療法人社団　久保田産婦人科病院
練馬区,大泉町六丁目,順天堂大学医学部附属練馬病院,2164.0,exact,順天堂大学医学部附属練馬病院
練馬区,大泉学園町一丁目,医療法人社団　久保田産婦人科病院,2498.0,exact,医療法人社団　久保田産婦人科病院
練馬区,大泉学園町二丁目,医療法人社団　久保田産婦人科病院,5230.0,exact,医療法人社団　久保田産婦人科病院
練馬区,大泉学園町三丁目,医療法人社団　久保田産婦人科病院,1659.0,exact,医療法人社団　久保田産婦人科病院
練馬区,大泉学園町四丁目,医療法人社団　久保田産婦人科病院,2827.0,exact,医療法人社団　久保田産婦人科病院
練馬区,大泉学園町五丁目,医療法人社団　久保田産婦人科病院,2362.0,exact,医療法人社団　久保田産婦人科病院
練馬区,大泉学園町六丁目,医療法人社団　久保田産婦人科病院,3045.0,exact,医療法人社団　久保田産婦人科病院
練馬区,大泉学園町七丁目,医療法人社団　久保田産婦人科病院,2411.0,exact,医療法人社団　久保田産婦人科病院
練馬区,大泉学園町八丁目,医療法人社団　久保田産婦人科病院,1858.0,exact,医療法人社団　久保田産婦人科病院
練馬区,大泉学園町九丁目,医療法人社団　久保田産婦人科病院,79.0,exact,医療法人社団　久保田産婦人科病院
武蔵野市,吉祥寺東町一丁目,医療法人社団　Ｈｅａｒｔ　Ｓｔａｔｉｏｎ　こころ診療所吉祥寺駅前,1340.0,exact,医療法人社団　Ｈｅａｒｔ　Ｓｔａｔｉｏｎ　こころ診療所吉祥寺駅前
武蔵野市,吉祥寺東町二丁目,医療法人社団　Ｈｅａｒｔ　Ｓｔａｔｉｏｎ　こころ診療所吉祥寺駅前,2640.0,exact,医療法人社団　Ｈｅａｒｔ　Ｓｔａｔｉｏｎ　こころ診療所吉祥寺駅前
武蔵野市,吉祥寺東町三丁目,吉祥寺こころの診療所,1478.0,exact,吉祥寺こころの診療所
武蔵野市,吉祥寺東町四丁目,公益財団法人　井之頭病院,555.0,exact,公益財団法人　井之頭病院
武蔵野市,吉祥寺南町一丁目,医療法人社団　Ｈｅａｒｔ　Ｓｔａｔｉｏｎ　こころ診療所吉祥寺駅前,5142.0,exact,医療法人社団　Ｈｅａｒｔ　Ｓｔａｔｉｏｎ　こころ診療所吉祥寺駅前
武蔵野市,吉祥寺南町二丁目,医療法人社団　Ｈｅａｒｔ　Ｓｔａｔｉｏｎ　こころ診療所吉祥寺駅前,2938.0,exact,医療法人社団　Ｈｅａｒｔ　Ｓｔａｔｉｏｎ　こころ診療所吉祥寺駅前
武蔵野市,吉祥寺南町三丁目,医療法人社団　Ｈｅａｒｔ　Ｓｔａｔｉｏｎ　こころ診療所吉祥寺駅前,4985.0,exact,医療法人社団　Ｈｅａｒｔ　Ｓｔａｔｉｏｎ　こころ診療所吉祥寺駅前
武蔵野市,吉祥寺南町四丁目,医療法人社団　Ｈｅａｒｔ　Ｓｔａｔｉｏｎ　こころ診療所吉祥寺駅前,2004.0,exact,医療法人社団　Ｈｅａｒｔ　Ｓｔａｔｉｏｎ　こころ診療所吉祥寺駅前
武蔵野市,吉祥寺南町五丁目,医療法人社団　Ｈｅａｒｔ　Ｓｔａｔｉｏｎ　こころ診療所吉祥寺駅前,848.0,exact,医療法人社団　Ｈｅａｒｔ　Ｓｔａｔｉｏｎ　こころ診療所吉祥寺駅前
武蔵野市,御殿山一丁目,医療法人社団　Ｈｅａｒｔ　Ｓｔａｔｉｏｎ　こころ診療所吉祥寺駅前,4425.0,exact,医療法人社団　Ｈｅａｒｔ　Ｓｔａｔｉｏｎ　こころ診療所吉祥寺駅前
武蔵野市,御殿山二丁目,医療法人社団　Ｈｅａｒｔ　Ｓｔａｔｉｏｎ　こころ診療所吉祥寺駅前,1582.0,exact,医療法人社団　Ｈｅａｒｔ　Ｓｔａｔｉｏｎ　こころ診療所吉祥寺駅前
武蔵野市,吉祥寺本町一丁目,医療法人社団　Ｈｅａｒｔ　Ｓｔａｔｉｏｎ　こころ診療所吉祥寺駅前,1608.0,exact,医療法人社団　Ｈｅａｒｔ　Ｓｔａｔｉｏｎ　こころ診療所吉祥寺駅前
武蔵野市,吉祥寺本町二丁目,医療法人社団　Ｈｅａｒｔ　Ｓｔａｔｉｏｎ　こころ診療所吉祥寺駅前,1808.0,exact,医療法人社団　Ｈｅａｒｔ　Ｓｔａｔｉｏｎ　こころ診療所吉祥寺駅前
武蔵野市,吉祥寺本町三丁目,医療法人社団　Ｈｅａｒｔ　Ｓｔａｔｉｏｎ　こころ診療所吉祥寺駅前,4013.0,exact,医療法人社団　Ｈｅａｒｔ　Ｓｔａｔｉｏｎ　こころ診療所吉祥寺駅前
武蔵野市,吉祥寺本町四丁目,医療法人社団　Ｈｅａｒｔ　Ｓｔａｔｉｏｎ　こころ診療所吉祥寺駅前,2870.0,exact,医療法人社団　Ｈｅａｒｔ　Ｓｔａｔｉｏｎ　こころ診療所吉祥寺駅前
武蔵野市,吉祥寺北町一丁目,医療法人社団　藤啓会　北町診療所,4923.0,exact,医療法人社団　藤啓会　北町診療所
武蔵野市,吉祥寺北町二丁目,医療法人社団　Ｈｅａｒｔ　Ｓｔａｔｉｏｎ　こころ診療所吉祥寺駅前,1583.0,exact,医療法人社団　Ｈｅａｒｔ　Ｓｔａｔｉｏｎ　こころ診療所吉祥寺駅前
武蔵野市,吉祥寺北町三丁目,武蔵野陽和会病院,1832.0,exact,武蔵野陽和会病院
武蔵野市,吉祥寺北町四丁目,武蔵野陽和会病院,2743.0,exact,武蔵野陽和会病院
武蔵野市,吉祥寺北町五丁目,武蔵野陽和会病院,2006.0,exact,武蔵野陽和会病院
武蔵野市,中町一丁目,医療法人社団　東京白報会　みたか在宅診療所,3695.0,exact,医療法人社団　東京白報会　みたか在宅診療所
武蔵野市,中町二丁目,医療法人社団　東京白報会　みたか在宅診療所,5084.0,exact,医療法人社団　東京白報会　みたか在宅診療所
武蔵野市,中町三丁目,医療法人社団　東京白報会　みたか在宅診療所,4169.0,exact,医療法人社団　東京白報会　みたか在宅診療所
武蔵野市,西久保一丁目,医療法人社団　東京白報会　みたか在宅診療所,4202.0,exact,医療法人社団　東京白報会　みたか在宅診療所
武蔵野市,西久保二丁目,医療法人社団　東京白報会　みたか在宅診療所,6536.0,exact,医療法人社団　東京白報会　みたか在宅診療所
武蔵野市,西久保三丁目,医療法人社団　東京白報会　みたか在宅診療所,8279.0,exact,医療法人社団　東京白報会　みたか在宅診療所
武蔵野市,緑町一丁目,医療法人社団　東京白報会　みたか在宅診療所,1300.0,exact,医療法人社団　東京白報会　みたか在宅診療所
武蔵野市,緑町二丁目,武蔵野陽和会病院,8398.0,exact,武蔵野陽和会病院
武蔵野市,緑町三丁目,医療法人社団　東京白報会　みたか在宅診療所,469.0,exact,医療法人社団　東京白報会　みたか在宅診療所
武蔵野市,八幡町一丁目,医療法人社団　欣助会　吉祥寺病院,11795.0,exact,医療法人社団　欣助会　吉祥寺病院
武蔵野市,八幡町二丁目,武蔵野陽和会病院,387.0,exact,武蔵野陽和会病院
武蔵野市,八幡町三丁目,医療法人社団　東京白報会　みたか在宅診療所,1235.0,exact,医療法人社団　東京白報会　みたか在宅診療所
武蔵野市,八幡町四丁目,医療法人社団　東京白報会　みたか在宅診療所,472.0,exact,医療法人社団　東京白報会　みたか在宅診療所
武蔵野市,関前一丁目,医療法人社団　東京白報会　みたか在宅診療所,538.0,exact,医療法人社団　東京白報会　みたか在宅診療所
武蔵野市,関前二丁目,医療法人社団　東京白報会　みたか在宅診療所,4204.0,exact,医療法人社団　東京白報会　みたか在宅診療所
武蔵野市,関前三丁目,医療法人社団　東京白報会　みたか在宅診療所,3697.0,exact,医療法人社団　東京白報会　みたか在宅診療所
武蔵野市,関前四丁目,医療法人社団　薫風会　山田病院,680.0,exact,医療法人社団　薫風会　山田病院
武蔵野市,関前五丁目,医療法人　徳洲会　武蔵野徳洲会病院,901.0,exact,医療法人　徳洲会　武蔵野徳洲会病院
武蔵野市,境一丁目,武蔵野赤十字病院,696.0,exact,武蔵野赤十字病院
武蔵野市,境二丁目,杏林大学医学部付属病院,1210.0,exact,杏林大学医学部付属病院
武蔵野市,境三丁目,医療法人社団　東京白報会　みたか在宅診療所,1178.0,exact,医療法人社団　東京白報会　みたか在宅診療所
武蔵野市,境四丁目,公益財団法人　井之頭病院,394.0,exact,公益財団法人　井之頭病院
武蔵野市,境五丁目,医療法人社団　Ｈｅａｒｔ　Ｓｔａｔｉｏｎ　こころ診療所吉祥寺駅前,863.0,exact,医療法人社団　Ｈｅａｒｔ　Ｓｔａｔｉｏｎ　こころ診療所吉祥寺駅前
武蔵野市,境南町一丁目,武蔵野赤十字病院,1500.0,exact,武蔵野赤十字病院
武蔵野市,境南町二丁目,杏林大学医学部付属病院,1269.0,exact,杏林大学医学部付属病院
武蔵野市,境南町三丁目,医療法人社団　東京白報会　みたか在宅診療所,253.0,exact,医療法人社団　東京白報会　みたか在宅診療所
武蔵野市,境南町四丁目,吉祥寺こころの診療所,661.0,exact,吉祥寺こころの診療所
武蔵野市,境南町五丁目,吉祥寺こころの診療所,521.0,exact,吉祥寺こころの診療所
武蔵野市,桜堤一丁目,医療法人　徳洲会　武蔵野徳洲会病院,1220.0,exact,医療法人　徳洲会　武蔵野徳洲会病院
武蔵野市,桜堤二丁目,医療法人　徳洲会　武蔵野徳洲会病院,680.0,exact,医療法人　徳洲会　武蔵野徳洲会病院
武蔵野市,桜堤三丁目,医療法人　徳洲会　武蔵野徳洲会病院,1760.0,exact,医療法人　徳洲会　武蔵野徳洲会病院
三鷹市,下連雀一丁目,医療法人社団　Ｈｅａｒｔ　Ｓｔａｔｉｏｎ　こころ診療所吉祥寺駅前,3812.0,exact,医療法人社団　Ｈｅａｒｔ　Ｓｔａｔｉｏｎ　こころ診療所吉祥寺駅前
三鷹市,下連雀二丁目,杏林大学医学部付属病院,2185.0,exact,杏林大学医学部付属病院
三鷹市,下連雀三丁目,杏林大学医学部付属病院,3265.0,exact,杏林大学医学部付属病院
三鷹市,下連雀四丁目,杏林大学医学部付属病院,2839.0,exact,杏林大学医学部付属病院
三鷹市,下連雀五丁目,医療法人社団　Ｈｅａｒｔ　Ｓｔａｔｉｏｎ　こころ診療所吉祥寺駅前,10863.0,exact,医療法人社団　Ｈｅａｒｔ　Ｓｔａｔｉｏｎ　こころ診療所吉祥寺駅前
三鷹市,下連雀六丁目,医療法人社団　Ｈｅａｒｔ　Ｓｔａｔｉｏｎ　こころ診療所吉祥寺駅前,4375.0,exact,医療法人社団　Ｈｅａｒｔ　Ｓｔａｔｉｏｎ　こころ診療所吉祥寺駅前
三鷹市,下連雀七丁目,北多摩中央医療生活協同組合　みなみうら生協診療所,2753.0,exact,北多摩中央医療生活協同組合　みなみうら生協診療所
三鷹市,下連雀八丁目,医療法人社団　Ｈｅａｒｔ　Ｓｔａｔｉｏｎ　こころ診療所吉祥寺駅前,6385.0,exact,医療法人社団　Ｈｅａｒｔ　Ｓｔａｔｉｏｎ　こころ診療所吉祥寺駅前
三鷹市,下連雀九丁目,医療法人社団　永寿会　三鷹中央病院,1898.0,exact,医療法人社団　永寿会　三鷹中央病院
三鷹市,牟礼一丁目,医療法人社団　欣助会　吉祥寺病院,847.0,exact,医療法人社団　欣助会　吉祥寺病院
三鷹市,牟礼二丁目,杏林大学医学部付属病院,2623.0,exact,杏林大学医学部付属病院
三鷹市,牟礼三丁目,医療法人社団　Ｈｅａｒｔ　Ｓｔａｔｉｏｎ　こころ診療所吉祥寺駅前,1055.0,exact,医療法人社団　Ｈｅａｒｔ　Ｓｔａｔｉｏｎ　こころ診療所吉祥寺駅前
三鷹市,牟礼四丁目,医療法人社団　Ｈｅａｒｔ　Ｓｔａｔｉｏｎ　こころ診療所吉祥寺駅前,4621.0,exact,医療法人社団　Ｈｅａｒｔ　Ｓｔａｔｉｏｎ　こころ診療所吉祥寺駅前
三鷹市,牟礼五丁目,杏林大学医学部付属病院,2470.0,exact,杏林大学医学部付属病院
三鷹市,牟礼六丁目,医療法人社団　Ｈｅａｒｔ　Ｓｔａｔｉｏｎ　こころ診療所吉祥寺駅前,11430.0,exact,医療法人社団　Ｈｅａｒｔ　Ｓｔａｔｉｏｎ　こころ診療所吉祥寺駅前
三鷹市,牟礼七丁目,医療法人社団　Ｈｅａｒｔ　Ｓｔａｔｉｏｎ　こころ診療所吉祥寺駅前,2317.0,exact,医療法人社団　Ｈｅａｒｔ　Ｓｔａｔｉｏｎ　こころ診療所吉祥寺駅前
三鷹市,井の頭一丁目,医療法人社団　Ｈｅａｒｔ　Ｓｔａｔｉｏｎ　こころ診療所吉祥寺駅前,3859.0,exact,医療法人社団　Ｈｅａｒｔ　Ｓｔａｔｉｏｎ　こころ診療所吉祥寺駅前
三鷹市,井の頭二丁目,医療法人社団　Ｈｅａｒｔ　Ｓｔａｔｉｏｎ　こころ診療所吉祥寺駅前,2395.0,exact,医療法人社団　Ｈｅａｒｔ　Ｓｔａｔｉｏｎ　こころ診療所吉祥寺駅前
三鷹市,井の頭三丁目,医療法人社団　Ｈｅａｒｔ　Ｓｔａｔｉｏｎ　こころ診療所吉祥寺駅前,3291.0,exact,医療法人社団　Ｈｅａｒｔ　Ｓｔａｔｉｏｎ　こころ診療所吉祥寺駅前
三鷹市,井の頭四丁目,医療法人社団　Ｈｅａｒｔ　Ｓｔａｔｉｏｎ　こころ診療所吉祥寺駅前,6790.0,exact,医療法人社団　Ｈｅａｒｔ　Ｓｔａｔｉｏｎ　こころ診療所吉祥寺駅前
三鷹市,井の頭五丁目,医療法人社団　Ｈｅａｒｔ　Ｓｔａｔｉｏｎ　こころ診療所吉祥寺駅前,10063.0,exact,医療法人社団　Ｈｅａｒｔ　Ｓｔａｔｉｏｎ　こころ診療所吉祥寺駅前
三鷹市,中原一丁目,杏林大学医学部付属病院,6896.0,exact,杏林大学医学部付属病院
三鷹市,中原二丁目,杏林大学医学部付属病院,3181.0,exact,杏林大学医学部付属病院
三鷹市,中原三丁目,杏林大学医学部付属病院,6672.0,exact,杏林大学医学部付属病院
三鷹市,中原四丁目,杏林大学医学部付属病院,5195.0,exact,杏林大学医学部付属病院
三鷹市,北野一丁目,医療法人社団　Ｈｅａｒｔ　Ｓｔａｔｉｏｎ　こころ診療所吉祥寺駅前,766.0,exact,医療法人社団　Ｈｅａｒｔ　Ｓｔａｔｉｏｎ　こころ診療所吉祥寺駅前
三鷹市,北野二丁目,医療法人社団　Ｈｅａｒｔ　Ｓｔａｔｉｏｎ　こころ診療所吉祥寺駅前,1315.0,exact,医療法人社団　Ｈｅａｒｔ　Ｓｔａｔｉｏｎ　こころ診療所吉祥寺駅前
三鷹市,北野三丁目,医療法人社団　Ｈｅａｒｔ　Ｓｔａｔｉｏｎ　こころ診療所吉祥寺駅前,1715.0,exact,医療法人社団　Ｈｅａｒｔ　Ｓｔａｔｉｏｎ　こころ診療所吉祥寺駅前
三鷹市,北野四丁目,杏林大学医学部付属病院,1271.0,exact,杏林大学医学部付属病院
三鷹市,新川一丁目,杏林大学医学部付属病院,2428.0,exact,杏林大学医学部付属病院
三鷹市,新川二丁目,杏林大学医学部付属病院,2688.0,exact,杏林大学医学部付属病院
三鷹市,新川三丁目,杏林大学医学部付属病院,4287.0,exact,杏林大学医学部付属病院
三鷹市,新川四丁目,杏林大学医学部付属病院,5954.0,exact,杏林大学医学部付属病院
三鷹市,新川五丁目,杏林大学医学部付属病院,8580.0,exact,杏林大学医学部付属病院
三鷹市,新川六丁目,杏林大学医学部付属病院,13065.0,exact,杏林大学医学部付属病院
三鷹市,上連雀一丁目,医療法人社団　東京白報会　みたか在宅診療所,4154.0,exact,医療法人社団　東京白報会　みたか在宅診療所
三鷹市,上連雀二丁目,医療法人社団　東京白報会　みたか在宅診療所,1223.0,exact,医療法人社団　東京白報会　みたか在宅診療所
三鷹市,上連雀三丁目,医療法人社団　永寿会　三鷹中央病院,639.0,exact,医療法人社団　永寿会　三鷹中央病院
三鷹市,上連雀四丁目,公益財団法人　井之頭病院,9477.0,exact,公益財団法人　井之頭病院
三鷹市,上連雀五丁目,医療法人社団　永寿会　三鷹中央病院,3642.0,exact,医療法人社団　永寿会　三鷹中央病院
三鷹市,上連雀六丁目,医療法人社団　永寿会　三鷹中央病院,1607.0,exact,医療法人社団　永寿会　三鷹中央病院
三鷹市,上連雀七丁目,医療法人社団　永寿会　三鷹中央病院,2803.0,exact,医療法人社団　永寿会　三鷹中央病院
三鷹市,上連雀八丁目,杏林大学医学部付属病院,2418.0,exact,杏林大学医学部付属病院
三鷹市,上連雀九丁目,杏林大学医学部付属病院,1913.0,exact,杏林大学医学部付属病院
三鷹市,井口一丁目,医療法人社団　永寿会　三鷹中央病院,1344.0,exact,医療法人社団　永寿会　三鷹中央病院
三鷹市,井口二丁目,医療法人社団　永寿会　三鷹中央病院,971.0,exact,医療法人社団　永寿会　三鷹中央病院
三鷹市,井口三丁目,小金井リハビリテーション病院,637.0,exact,小金井リハビリテーション病院
三鷹市,井口四丁目,医療法人社団　永寿会　三鷹中央病院,863.0,exact,医療法人社団　永寿会　三鷹中央病院
三鷹市,井口五丁目,医療法人社団　永寿会　三鷹中央病院,382.0,exact,医療法人社団　永寿会　三鷹中央病院
三鷹市,深大寺一丁目,医療法人社団　永寿会　三鷹中央病院,838.0,exact,医療法人社団　永寿会　三鷹中央病院
三鷹市,深大寺二丁目,医療法人社団　Ｈｅａｒｔ　Ｓｔａｔｉｏｎ　こころ診療所吉祥寺駅前,875.0,exact,医療法人社団　Ｈｅａｒｔ　Ｓｔａｔｉｏｎ　こころ診療所吉祥寺駅前
三鷹市,深大寺三丁目,杏林大学医学部付属病院,631.0,exact,杏林大学医学部付属病院
三鷹市,野崎一丁目,杏林大学医学部付属病院,671.0,exact,杏林大学医学部付属病院
三鷹市,野崎二丁目,杏林大学医学部付属病院,1663.0,exact,杏林大学医学部付属病院
三鷹市,野崎三丁目,武蔵野赤十字病院,788.0,exact,武蔵野赤十字病院
三鷹市,野崎四丁目,医療法人社団　永寿会　三鷹中央病院,273.0,exact,医療法人社団　永寿会　三鷹中央病院
三鷹市,大沢一丁目,杏林大学医学部付属病院,1546.0,exact,杏林大学医学部付属病院
三鷹市,大沢二丁目,杏林大学医学部付属病院,769.0,exact,杏林大学医学部付属病院
三鷹市,大沢三丁目,杏林大学医学部付属病院,947.0,exact,杏林大学医学部付属病院
三鷹市,大沢四丁目,医療法人社団　大坪会　北多摩病院,2516.0,exact,医療法人社団　大坪会　北多摩病院
三鷹市,大沢五丁目,杏林大学医学部付属病院,667.0,exact,杏林大学医学部付属病院
三鷹市,大沢六丁目,医療法人社団　東京白報会　みたか在宅診療所,455.0,exact,医療法人社団　東京白報会　みたか在宅診療所
府中市,多磨町一丁目,公益財団法人　榊原記念財団　附属　榊原記念病院,1384.0,exact,公益財団法人　榊原記念財団　附属　榊原記念病院
府中市,多磨町二丁目,小金井リハビリテーション病院,3039.0,exact,小金井リハビリテーション病院
府中市,朝日町一丁目,公益財団法人　榊原記念財団　附属　榊原記念病院,2445.0,exact,公益財団法人　榊原記念財団　附属　榊原記念病院
府中市,朝日町二丁目,公益財団法人　榊原記念財団　附属　榊原記念病院,1126.0,exact,公益財団法人　榊原記念財団　附属　榊原記念病院
府中市,朝日町三丁目,公益財団法人　榊原記念財団　附属　榊原記念病院,3541.0,exact,公益財団法人　榊原記念財団　附属　榊原記念病院
府中市,紅葉丘一丁目,小金井リハビリテーション病院,1854.0,exact,小金井リハビリテーション病院
府中市,紅葉丘二丁目,小金井リハビリテーション病院,1331.0,exact,小金井リハビリテーション病院
府中市,紅葉丘三丁目,公益財団法人　榊原記念財団　附属　榊原記念病院,1307.0,exact,公益財団法人　榊原記念財団　附属　榊原記念病院
府中市,白糸台一丁目,公益財団法人　榊原記念財団　附属　榊原記念病院,802.0,exact,公益財団法人　榊原記念財団　附属　榊原記念病院
府中市,白糸台二丁目,公益財団法人　榊原記念財団　附属　榊原記念病院,1041.0,exact,公益財団法人　榊原記念財団　附属　榊原記念病院
府中市,白糸台三丁目,公益財団法人　榊原記念財団　附属　榊原記念病院,2339.0,exact,公益財団法人　榊原記念財団　附属　榊原記念病院
府中市,白糸台六丁目,公益財団法人　榊原記念財団　附属　榊原記念病院,3895.0,exact,公益財団法人　榊原記念財団　附属　榊原記念病院
府中市,押立町二丁目,医療法人社団　Ｈｅａｒｔ　Ｓｔａｔｉｏｎ　こころ診療所吉祥寺駅前,473.0,exact,医療法人社団　Ｈｅａｒｔ　Ｓｔａｔｉｏｎ　こころ診療所吉祥寺駅前
府中市,押立町四丁目,医療法人社団　飯野病院,250.0,exact,医療法人社団　飯野病院
府中市,若松町二丁目,小金井リハビリテーション病院,836.0,exact,小金井リハビリテーション病院
府中市,若松町三丁目,小金井リハビリテーション病院,656.0,exact,小金井リハビリテーション病院
府中市,若松町四丁目,小金井リハビリテーション病院,1725.0,exact,小金井リハビリテーション病院
府中市,若松町五丁目,小金井リハビリテーション病院,548.0,exact,小金井リハビリテーション病院
府中市,浅間町一丁目,小金井リハビリテーション病院,192.0,exact,小金井リハビリテーション病院
府中市,浅間町二丁目,小金井リハビリテーション病院,257.0,exact,小金井リハビリテーション病院
府中市,浅間町三丁目,小金井リハビリテーション病院,1796.0,exact,小金井リハビリテーション病院
府中市,浅間町四丁目,小金井リハビリテーション病院,435.0,exact,小金井リハビリテーション病院
府中市,天神町一丁目,小金井リハビリテーション病院,718.0,exact,小金井リハビリテーション病院
府中市,天神町二丁目,杏林大学医学部付属病院,266.0,exact,杏林大学医学部付属病院
府中市,天神町三丁目,医療法人社団　Ｈｅａｒｔ　Ｓｔａｔｉｏｎ　こころ診療所吉祥寺駅前,104.0,exact,医療法人社団　Ｈｅａｒｔ　Ｓｔａｔｉｏｎ　こころ診療所吉祥寺駅前
府中市,天神町四丁目,小金井リハビリテーション病院,477.0,exact,小金井リハビリテーション病院
府中市,新町一丁目,小金井リハビリテーション病院,1954.0,exact,小金井リハビリテーション病院
府中市,新町二丁目,小金井リハビリテーション病院,1362.0,exact,小金井リハビリテーション病院
府中市,新町三丁目,小金井リハビリテーション病院,673.0,exact,小金井リハビリテーション病院
府中市,幸町二丁目,小金井リハビリテーション病院,279.0,exact,小金井リハビリテーション病院
府中市,幸町三丁目,小金井リハビリテーション病院,70.0,exact,小金井リハビリテーション病院
府中市,府中町三丁目,公立昭和病院,75.0,exact,公立昭和病院
府中市,緑町一丁目,小金井リハビリテーション病院,416.0,exact,小金井リハビリテーション病院
府中市,緑町二丁目,小金井リハビリテーション病院,317.0,exact,小金井リハビリテーション病院
府中市,栄町一丁目,小金井リハビリテーション病院,261.0,exact,小金井リハビリテーション病院
府中市,栄町二丁目,小金井リハビリテーション病院,479.0,exact,小金井リハビリテーション病院
調布市,飛田給一丁目,公益財団法人　榊原記念財団　附属　榊原記念病院,2277.0,exact,公益財団法人　榊原記念財団　附属　榊原記念病院
調布市,飛田給二丁目,医療法人社団　東山会　調布東山病院,1369.0,exact,医療法人社団　東山会　調布東山病院
調布市,飛田給三丁目,医療法人社団　東山会　調布東山病院,1053.0,exact,医療法人社団　東山会　調布東山病院
調布市,上石原一丁目,医療法人社団　東山会　調布東山病院,1669.0,exact,医療法人社団　東山会　調布東山病院
調布市,上石原二丁目,医療法人社団　東山会　調布東山病院,1124.0,exact,医療法人社団　東山会　調布東山病院
調布市,上石原三丁目,医療法人社団　桐光会　調布病院,2870.0,exact,医療法人社団　桐光会　調布病院
調布市,富士見町一丁目,医療法人社団　東山会　調布東山病院,1083.0,exact,医療法人社団　東山会　調布東山病院
調布市,富士見町二丁目,医療法人社団　大坪会　北多摩病院,5911.0,exact,医療法人社団　大坪会　北多摩病院
調布市,富士見町三丁目,医療法人社団　大坪会　北多摩病院,5505.0,exact,医療法人社団　大坪会　北多摩病院
調布市,富士見町四丁目,医療法人社団　大坪会　北多摩病院,1741.0,exact,医療法人社団　大坪会　北多摩病院
調布市,下石原一丁目,医療法人社団　東山会　調布東山病院,1402.0,exact,医療法人社団　東山会　調布東山病院
調布市,下石原二丁目,医療法人社団　東山会　調布東山病院,2100.0,exact,医療法人社団　東山会　調布東山病院
調布市,下石原三丁目,医療法人社団　桐光会　調布病院,3421.0,exact,医療法人社団　桐光会　調布病院
調布市,小島町一丁目,医療法人社団　東山会　調布東山病院,1909.0,exact,医療法人社団　東山会　調布東山病院
調布市,小島町二丁目,医療法人社団　東山会　調布東山病院,6917.0,exact,医療法人社団　東山会　調布東山病院
調布市,小島町三丁目,医療法人社団　東山会　調布東山病院,5253.0,exact,医療法人社団　東山会　調布東山病院
調布市,布田一丁目,医療法人社団　飯野病院,2690.0,exact,医療法人社団　飯野病院
調布市,布田二丁目,医療法人社団　飯野病院,2417.0,exact,医療法人社団　飯野病院
調布市,布田三丁目,医療法人社団　飯野病院,2439.0,exact,医療法人社団　飯野病院
調布市,布田四丁目,医療法人社団　飯野病院,7528.0,exact,医療法人社団　飯野病院
調布市,国領町一丁目,杏林大学医学部付属病院,1604.0,exact,杏林大学医学部付属病院
調布市,多摩川一丁目,医療法人社団　東山会　調布東山病院,3597.0,exact,医療法人社団　東山会　調布東山病院
調布市,多摩川二丁目,医療法人社団　東山会　調布東山病院,1073.0,exact,医療法人社団　東山会　調布東山病院
調布市,多摩川三丁目,医療法人社団　東山会　調布東山病院,2813.0,exact,医療法人社団　東山会　調布東山病院
調布市,多摩川四丁目,医療法人社団　東山会　調布東山病院,905.0,exact,医療法人社団　東山会　調布東山病院
調布市,佐須町一丁目,医療法人社団　東山会　調布東山病院,547.0,exact,医療法人社団　東山会　調布東山病院
調布市,佐須町二丁目,医療法人社団　東山会　調布東山病院,1123.0,exact,医療法人社団　東山会　調布東山病院
調布市,佐須町三丁目,杏林大学医学部付属病院,493.0,exact,杏林大学医学部付属病院
調布市,佐須町四丁目,医療法人社団　欣助会　吉祥寺病院,1465.0,exact,医療法人社団　欣助会　吉祥寺病院
調布市,佐須町五丁目,杏林大学医学部付属病院,184.0,exact,杏林大学医学部付属病院
調布市,柴崎一丁目,医療法人社団　飯野病院,966.0,exact,医療法人社団　飯野病院
調布市,柴崎二丁目,杏林大学医学部付属病院,3533.0,exact,杏林大学医学部付属病院
調布市,西つつじケ丘一丁目,杏林大学医学部付属病院,650.0,exact,杏林大学医学部付属病院
調布市,西つつじケ丘二丁目,杏林大学医学部付属病院,893.0,exact,杏林大学医学部付属病院
調布市,緑ケ丘一丁目,杏林大学医学部付属病院,1428.0,exact,杏林大学医学部付属病院
調布市,野水一丁目,小金井リハビリテーション病院,53.0,exact,小金井リハビリテーション病院
調布市,野水一丁目,小金井リハビリテーション病院,53.0,exact,小金井リハビリテーション病院
調布市,野水一丁目,小金井リハビリテーション病院,53.0,exact,小金井リハビリテーション病院
調布市,西町,医療法人社団　飯野病院,46.0,exact,医療法人社団　飯野病院
調布市,調布ケ丘一丁目,医療法人社団　大坪会　北多摩病院,1015.0,exact,医療法人社団　大坪会　北多摩病院
調布市,調布ケ丘二丁目,杏林大学医学部付属病院,794.0,exact,杏林大学医学部付属病院
調布市,調布ケ丘三丁目,医療法人社団　大坪会　北多摩病院,3913.0,exact,医療法人社団　大坪会　北多摩病院
調布市,調布ケ丘四丁目,医療法人社団　大坪会　北多摩病院,2853.0,exact,医療法人社団　大坪会　北多摩病院
調布市,深大寺元町一丁目,杏林大学医学部付属病院,628.0,exact,杏林大学医学部付属病院
調布市,深大寺元町二丁目,杏林大学医学部付属病院,774.0,exact,杏林大学医学部付属病院
調布市,深大寺元町三丁目,医療法人社団　欣助会　吉祥寺病院,1844.0,exact,医療法人社団　欣助会　吉祥寺病院
調布市,深大寺元町四丁目,医療法人社団　東山会　調布東山病院,523.0,exact,医療法人社団　東山会　調布東山病院
調布市,深大寺元町五丁目,医療法人社団　欣助会　吉祥寺病院,586.0,exact,医療法人社団　欣助会　吉祥寺病院
調布市,深大寺北町一丁目,医療法人社団　Ｈｅａｒｔ　Ｓｔａｔｉｏｎ　こころ診療所吉祥寺駅前,552.0,exact,医療法人社団　Ｈｅａｒｔ　Ｓｔａｔｉｏｎ　こころ診療所吉祥寺駅前
調布市,深大寺北町二丁目,杏林大学医学部付属病院,760.0,exact,杏林大学医学部付属病院
調布市,深大寺北町三丁目,医療法人社団　Ｈｅａｒｔ　Ｓｔａｔｉｏｎ　こころ診療所吉祥寺駅前,415.0,exact,医療法人社団　Ｈｅａｒｔ　Ｓｔａｔｉｏｎ　こころ診療所吉祥寺駅前
調布市,深大寺北町四丁目,医療法人社団　欣助会　吉祥寺病院,9505.0,exact,医療法人社団　欣助会　吉祥寺病院
調布市,深大寺北町五丁目,医療法人社団　欣助会　吉祥寺病院,11325.0,exact,医療法人社団　欣助会　吉祥寺病院
調布市,深大寺北町六丁目,杏林大学医学部付属病院,919.0,exact,杏林大学医学部付属病院
調布市,深大寺北町七丁目,小金井リハビリテーション病院,723.0,exact,小金井リハビリテーション病院
調布市,深大寺東町一丁目,杏林大学医学部付属病院,1178.0,exact,杏林大学医学部付属病院
調布市,深大寺東町二丁目,杏林大学医学部付属病院,450.0,exact,杏林大学医学部付属病院
調布市,深大寺東町三丁目,杏林大学医学部付属病院,1688.0,exact,杏林大学医学部付属病院
調布市,深大寺東町四丁目,杏林大学医学部付属病院,1289.0,exact,杏林大学医学部付属病院
調布市,深大寺東町五丁目,杏林大学医学部付属病院,1395.0,exact,杏林大学医学部付属病院
調布市,深大寺東町六丁目,医療法人社団　Ｈｅａｒｔ　Ｓｔａｔｉｏｎ　こころ診療所吉祥寺駅前,1429.0,exact,医療法人社団　Ｈｅａｒｔ　Ｓｔａｔｉｏｎ　こころ診療所吉祥寺駅前
調布市,深大寺東町七丁目,杏林大学医学部付属病院,2429.0,exact,杏林大学医学部付属病院
調布市,深大寺東町八丁目,医療法人社団　Ｈｅａｒｔ　Ｓｔａｔｉｏｎ　こころ診療所吉祥寺駅前,737.0,exact,医療法人社団　Ｈｅａｒｔ　Ｓｔａｔｉｏｎ　こころ診療所吉祥寺駅前
調布市,深大寺南町一丁目,小金井リハビリテーション病院,240.0,exact,小金井リハビリテーション病院
調布市,深大寺南町二丁目,医療法人社団　東山会　調布東山病院,1011.0,exact,医療法人社団　東山会　調布東山病院
調布市,深大寺南町三丁目,杏林大学医学部付属病院,1646.0,exact,杏林大学医学部付属病院
調布市,深大寺南町四丁目,医療法人社団　Ｈｅａｒｔ　Ｓｔａｔｉｏｎ　こころ診療所吉祥寺駅前,260.0,exact,医療法人社団　Ｈｅａｒｔ　Ｓｔａｔｉｏｎ　こころ診療所吉祥寺駅前
調布市,深大寺南町五丁目,杏林大学医学部付属病院,1014.0,exact,杏林大学医学部付属病院
調布市,八雲台一丁目,杏林大学医学部付属病院,1177.0,exact,杏林大学医学部付属病院
小金井市,東町一丁目,医療法人社団　Ｈｅａｒｔ　Ｓｔａｔｉｏｎ　こころ診療所吉祥寺駅前,803.0,exact,医療法人社団　Ｈｅａｒｔ　Ｓｔａｔｉｏｎ　こころ診療所吉祥寺駅前
小金井市,東町二丁目,杏林大学医学部付属病院,566.0,exact,杏林大学医学部付属病院
小金井市,東町三丁目,公益財団法人　井之頭病院,1077.0,exact,公益財団法人　井之頭病院
小金井市,東町四丁目,医療法人社団　大日会　小金井太陽病院,1233.0,exact,医療法人社団　大日会　小金井太陽病院
小金井市,東町五丁目,小金井リハビリテーション病院,1429.0,exact,小金井リハビリテーション病院
小金井市,梶野町一丁目,医療法人　徳洲会　武蔵野徳洲会病院,151.0,exact,医療法人　徳洲会　武蔵野徳洲会病院
小金井市,梶野町二丁目,医療法人社団　Ｈｅａｒｔ　Ｓｔａｔｉｏｎ　こころ診療所吉祥寺駅前,278.0,exact,医療法人社団　Ｈｅａｒｔ　Ｓｔａｔｉｏｎ　こころ診療所吉祥寺駅前
小金井市,梶野町三丁目,社会福祉法人　聖ヨハネ会　桜町病院,375.0,exact,社会福祉法人　聖ヨハネ会　桜町病院
小金井市,梶野町四丁目,医療法人社団　Ｈｅａｒｔ　Ｓｔａｔｉｏｎ　こころ診療所吉祥寺駅前,722.0,exact,医療法人社団　Ｈｅａｒｔ　Ｓｔａｔｉｏｎ　こころ診療所吉祥寺駅前
小金井市,梶野町五丁目,社会福祉法人　聖ヨハネ会　桜町病院,497.0,exact,社会福祉法人　聖ヨハネ会　桜町病院
小金井市,関野町一丁目,医療法人社団　Ｈｅａｒｔ　Ｓｔａｔｉｏｎ　こころ診療所吉祥寺駅前,118.0,exact,医療法人社団　Ｈｅａｒｔ　Ｓｔａｔｉｏｎ　こころ診療所吉祥寺駅前
小金井市,関野町二丁目,社会福祉法人　聖ヨハネ会　桜町病院,734.0,exact,社会福祉法人　聖ヨハネ会　桜町病院
小金井市,緑町一丁目,社会福祉法人　聖ヨハネ会　桜町病院,438.0,exact,社会福祉法人　聖ヨハネ会　桜町病院
小金井市,緑町二丁目,社会福祉法人　聖ヨハネ会　桜町病院,1639.0,exact,社会福祉法人　聖ヨハネ会　桜町病院
小金井市,緑町三丁目,社会福祉法人　聖ヨハネ会　桜町病院,2989.0,exact,社会福祉法人　聖ヨハネ会　桜町病院
小金井市,緑町四丁目,社会福祉法人　聖ヨハネ会　桜町病院,2224.0,exact,社会福祉法人　聖ヨハネ会　桜町病院
小金井市,緑町五丁目,社会福祉法人　聖ヨハネ会　桜町病院,4250.0,exact,社会福祉法人　聖ヨハネ会　桜町病院
小金井市,中町一丁目,医療法人社団　大日会　小金井太陽病院,1948.0,exact,医療法人社団　大日会　小金井太陽病院
小金井市,中町二丁目,医療法人社団　大日会　小金井太陽病院,2154.0,exact,医療法人社団　大日会　小金井太陽病院
小金井市,中町三丁目,医療法人社団　大日会　小金井太陽病院,4309.0,exact,医療法人社団　大日会　小金井太陽病院
小金井市,中町四丁目,小金井リハビリテーション病院,1527.0,exact,小金井リハビリテーション病院
小金井市,前原町一丁目,小金井リハビリテーション病院,5203.0,exact,小金井リハビリテーション病院
小金井市,前原町二丁目,小金井リハビリテーション病院,2571.0,exact,小金井リハビリテーション病院
小金井市,前原町三丁目,小金井リハビリテーション病院,1954.0,exact,小金井リハビリテーション病院
小金井市,前原町四丁目,小金井リハビリテーション病院,4734.0,exact,小金井リハビリテーション病院
小金井市,前原町五丁目,小金井リハビリテーション病院,1471.0,exact,小金井リハビリテーション病院
小金井市,本町一丁目,医療法人社団　大日会　小金井太陽病院,5243.0,exact,医療法人社団　大日会　小金井太陽病院
小金井市,本町二丁目,社会福祉法人　聖ヨハネ会　桜町病院,1169.0,exact,社会福祉法人　聖ヨハネ会　桜町病院
小金井市,本町三丁目,社会福祉法人　聖ヨハネ会　桜町病院,1239.0,exact,社会福祉法人　聖ヨハネ会　桜町病院
小金井市,本町四丁目,社会福祉法人　聖ヨハネ会　桜町病院,1221.0,exact,社会福祉法人　聖ヨハネ会　桜町病院
小金井市,本町五丁目,社会福祉法人　聖ヨハネ会　桜町病院,2314.0,exact,社会福祉法人　聖ヨハネ会　桜町病院
小金井市,本町六丁目,医療法人社団　大日会　小金井太陽病院,1683.0,exact,医療法人社団　大日会　小金井太陽病院
小金井市,桜町一丁目,社会福祉法人　聖ヨハネ会　桜町病院,4945.0,exact,社会福祉法人　聖ヨハネ会　桜町病院
小金井市,桜町二丁目,医療法人社団　欣助会　吉祥寺病院,1186.0,exact,医療法人社団　欣助会　吉祥寺病院
小金井市,桜町三丁目,社会福祉法人　聖ヨハネ会　桜町病院,508.0,exact,社会福祉法人　聖ヨハネ会　桜町病院
小金井市,貫井北町一丁目,杏林大学医学部付属病院,547.0,exact,杏林大学医学部付属病院
小金井市,貫井北町二丁目,社会福祉法人　聖ヨハネ会　桜町病院,1913.0,exact,社会福祉法人　聖ヨハネ会　桜町病院
小金井市,貫井北町三丁目,社会福祉法人　聖ヨハネ会　桜町病院,1450.0,exact,社会福祉法人　聖ヨハネ会　桜町病院
小金井市,貫井北町四丁目,小金井リハビリテーション病院,86.0,exact,小金井リハビリテーション病院
小金井市,貫井北町五丁目,社会福祉法人　聖ヨハネ会　桜町病院,588.0,exact,社会福祉法人　聖ヨハネ会　桜町病院
小金井市,貫井南町一丁目,小金井リハビリテーション病院,957.0,exact,小金井リハビリテーション病院
小金井市,貫井南町二丁目,小金井リハビリテーション病院,647.0,exact,小金井リハビリテーション病院
小金井市,貫井南町三丁目,社会福祉法人　聖ヨハネ会　桜町病院,1069.0,exact,社会福祉法人　聖ヨハネ会　桜町病院
小金井市,貫井南町四丁目,社会福祉法人　聖ヨハネ会　桜町病院,793.0,exact,社会福祉法人　聖ヨハネ会　桜町病院
小金井市,貫井南町五丁目,小金井リハビリテーション病院,1103.0,exact,小金井リハビリテーション病院
小平市,上水新町二丁目,緑風荘病院,264.0,exact,緑風荘病院
小平市,上水新町三丁目,公立昭和病院,702.0,exact,公立昭和病院
小平市,たかの台,緑風荘病院,1147.0,exact,緑風荘病院
小平市,栄町一丁目,医療法人社団　東光会　西東京中央総合病院,42.0,exact,医療法人社団　東光会　西東京中央総合病院
小平市,栄町二丁目,緑風荘病院,1555.0,exact,緑風荘病院
小平市,栄町三丁目,公立昭和病院,494.0,exact,公立昭和病院
小平市,小川西町一丁目,緑風荘病院,1958.0,exact,緑風荘病院
小平市,小川西町二丁目,緑風荘病院,1810.0,exact,緑風荘病院
小平市,小川西町三丁目,緑風荘病院,2390.0,exact,緑風荘病院
小平市,小川西町四丁目,緑風荘病院,1246.0,exact,緑風荘病院
小平市,小川西町五丁目,緑風荘病院,2159.0,exact,緑風荘病院
小平市,小川東町,緑風荘病院,963.0,exact,緑風荘病院
小平市,小川東町一丁目,緑風荘病院,3602.0,exact,緑風荘病院
小平市,小川東町二丁目,緑風荘病院,8879.0,exact,緑風荘病院
小平市,小川東町三丁目,緑風荘病院,3499.0,exact,緑風荘病院
小平市,小川東町四丁目,国立研究開発法人　国立精神・神経医療研究センター病院,4617.0,exact,国立研究開発法人　国立精神・神経医療研究センター病院
小平市,小川東町五丁目,緑風荘病院,1983.0,exact,緑風荘病院
小平市,上水本町一丁目,緑風荘病院,417.0,exact,緑風荘病院
小平市,上水本町二丁目,緑風荘病院,348.0,exact,緑風荘病院
小平市,上水本町三丁目,社会福祉法人　聖ヨハネ会　桜町病院,284.0,exact,社会福祉法人　聖ヨハネ会　桜町病院
小平市,上水本町四丁目,医療法人社団　武蔵野会　一橋病院,1367.0,exact,医療法人社団　武蔵野会　一橋病院
小平市,上水本町五丁目,医療法人社団　武蔵野会　一橋病院,970.0,exact,医療法人社団　武蔵野会　一橋病院
小平市,上水本町六丁目,医療法人社団　武蔵野会　一橋病院,1301.0,exact,医療法人社団　武蔵野会　一橋病院
小平市,上水南町一丁目,医療法人社団　武蔵野会　一橋病院,1588.0,exact,医療法人社団　武蔵野会　一橋病院
小平市,上水南町二丁目,国立研究開発法人　国立精神・神経医療研究センター病院,574.0,exact,国立研究開発法人　国立精神・神経医療研究センター病院
小平市,上水南町三丁目,社会福祉法人　聖ヨハネ会　桜町病院,1159.0,exact,社会福祉法人　聖ヨハネ会　桜町病院
小平市,上水南町四丁目,社会福祉法人　聖ヨハネ会　桜町病院,1129.0,exact,社会福祉法人　聖ヨハネ会　桜町病院
小平市,喜平町一丁目,社会福祉法人　聖ヨハネ会　桜町病院,1260.0,exact,社会福祉法人　聖ヨハネ会　桜町病院
小平市,喜平町二丁目,医療法人社団　武蔵野会　一橋病院,251.0,exact,医療法人社団　武蔵野会　一橋病院
小平市,喜平町三丁目,公立昭和病院,1470.0,exact,公立昭和病院
小平市,津田町一丁目,緑風荘病院,295.0,exact,緑風荘病院
小平市,津田町二丁目,緑風荘病院,1015.0,exact,緑風荘病院
小平市,津田町三丁目,緑風荘病院,956.0,exact,緑風荘病院
小平市,学園西町一丁目,医療法人社団　武蔵野会　一橋病院,5256.0,exact,医療法人社団　武蔵野会　一橋病院
小平市,学園西町二丁目,医療法人社団　武蔵野会　一橋病院,940.0,exact,医療法人社団　武蔵野会　一橋病院
小平市,学園西町三丁目,公立昭和病院,1771.0,exact,公立昭和病院
小平市,学園東町,公立昭和病院,1651.0,exact,公立昭和病院
小平市,学園東町一丁目,医療法人社団　武蔵野会　一橋病院,936.0,exact,医療法人社団　武蔵野会　一橋病院
小平市,学園東町二丁目,公立昭和病院,1686.0,exact,公立昭和病院
小平市,学園東町三丁目,公立昭和病院,612.0,exact,公立昭和病院
小平市,美園町一丁目,公立昭和病院,1006.0,exact,公立昭和病院
小平市,美園町二丁目,公立昭和病院,1537.0,exact,公立昭和病院
小平市,美園町三丁目,公立昭和病院,1205.0,exact,公立昭和病院
小平市,回田町,公立昭和病院,2801.0,exact,公立昭和病院
小平市,御幸町,社会福祉法人　聖ヨハネ会　桜町病院,1312.0,exact,社会福祉法人　聖ヨハネ会　桜町病院
小平市,天神町一丁目,公立昭和病院,3231.0,exact,公立昭和病院
小平市,天神町二丁目,公立昭和病院,1910.0,exact,公立昭和病院
小平市,天神町三丁目,公立昭和病院,610.0,exact,公立昭和病院
小平市,天神町四丁目,公立昭和病院,2182.0,exact,公立昭和病院
小平市,大沼町一丁目,公立昭和病院,2289.0,exact,公立昭和病院
小平市,大沼町二丁目,公立昭和病院,1360.0,exact,公立昭和病院
小平市,大沼町三丁目,公立昭和病院,818.0,exact,公立昭和病院
小平市,大沼町四丁目,医療法人社団　好仁会　滝山病院,1837.0,exact,医療法人社団　好仁会　滝山病院
小平市,大沼町五丁目,公立昭和病院,427.0,exact,公立昭和病院
小平市,大沼町六丁目,公立昭和病院,977.0,exact,公立昭和病院
小平市,大沼町七丁目,公立昭和病院,2570.0,exact,公立昭和病院
小平市,花小金井南町一丁目,公立昭和病院,2138.0,exact,公立昭和病院
小平市,花小金井南町二丁目,公立昭和病院,469.0,exact,公立昭和病院
小平市,花小金井南町三丁目,公立昭和病院,1600.0,exact,公立昭和病院
小平市,花小金井一丁目,公立昭和病院,2206.0,exact,公立昭和病院
小平市,花小金井二丁目,佐々総合病院,1421.0,exact,佐々総合病院
小平市,花小金井三丁目,公立昭和病院,1746.0,exact,公立昭和病院
小平市,花小金井四丁目,公立昭和病院,1346.0,exact,公立昭和病院
小平市,花小金井五丁目,公立昭和病院,2877.0,exact,公立昭和病院
小平市,花小金井六丁目,公立昭和病院,1403.0,exact,公立昭和病院
小平市,花小金井七丁目,公立昭和病院,4249.0,exact,公立昭和病院
小平市,花小金井八丁目,公立昭和病院,5386.0,exact,公立昭和病院
東村山市,本町一丁目,社会医療法人社団　愛有会　久米川病院,4163.0,exact,社会医療法人社団　愛有会　久米川病院
東村山市,本町二丁目,医療法人　泰一会　多摩北整形外科病院,1621.0,exact,医療法人　泰一会　多摩北整形外科病院
東村山市,本町三丁目,社会医療法人社団　愛有会　久米川病院,3470.0,exact,社会医療法人社団　愛有会　久米川病院
東村山市,本町四丁目,社会医療法人社団　愛有会　久米川病院,9664.0,exact,社会医療法人社団　愛有会　久米川病院
東村山市,久米川町一丁目,地方独立行政法人　東京都立病院機構　東京都立多摩北部医療センター,2564.0,exact,地方独立行政法人　東京都立病院機構　東京都立多摩北部医療センター
東村山市,久米川町二丁目,東村山市休日準夜応急診療所,2800.0,exact,東村山市休日準夜応急診療所
東村山市,久米川町三丁目,社会医療法人社団　愛有会　久米川病院,1729.0,exact,社会医療法人社団　愛有会　久米川病院
東村山市,久米川町四丁目,東村山市休日準夜応急診療所,3933.0,exact,東村山市休日準夜応急診療所
東村山市,久米川町五丁目,地方独立行政法人　東京都立病院機構　東京都立多摩北部医療センター,917.0,exact,地方独立行政法人　東京都立病院機構　東京都立多摩北部医療センター
東村山市,秋津町一丁目,地方独立行政法人　東京都立病院機構　東京都立多摩北部医療センター,1688.0,exact,地方独立行政法人　東京都立病院機構　東京都立多摩北部医療センター
東村山市,秋津町二丁目,医療法人社団　新新会　多摩あおば病院,1156.0,exact,医療法人社団　新新会　多摩あおば病院
東村山市,秋津町三丁目,地方独立行政法人　東京都立病院機構　東京都立多摩北部医療センター,1686.0,exact,地方独立行政法人　東京都立病院機構　東京都立多摩北部医療センター
東村山市,秋津町四丁目,地方独立行政法人　東京都立病院機構　東京都立多摩北部医療センター,2680.0,exact,地方独立行政法人　東京都立病院機構　東京都立多摩北部医療センター
東村山市,秋津町五丁目,地方独立行政法人　東京都立病院機構　東京都立多摩北部医療センター,1589.0,exact,地方独立行政法人　東京都立病院機構　東京都立多摩北部医療センター
東村山市,青葉町一丁目,地方独立行政法人　東京都立病院機構　東京都立多摩北部医療センター,7450.0,exact,地方独立行政法人　東京都立病院機構　東京都立多摩北部医療センター
東村山市,青葉町二丁目,医療法人社団　新新会　多摩あおば病院,10548.0,exact,医療法人社団　新新会　多摩あおば病院
東村山市,青葉町三丁目,地方独立行政法人　東京都立病院機構　東京都立多摩北部医療センター,3537.0,exact,地方独立行政法人　東京都立病院機構　東京都立多摩北部医療センター
東村山市,青葉町四丁目,医療法人社団　新新会　多摩あおば病院,355.0,exact,医療法人社団　新新会　多摩あおば病院
東村山市,恩多町一丁目,地方独立行政法人　東京都立病院機構　東京都立多摩北部医療センター,1722.0,exact,地方独立行政法人　東京都立病院機構　東京都立多摩北部医療センター
東村山市,恩多町二丁目,緑風荘病院,3766.0,exact,緑風荘病院
東村山市,恩多町三丁目,社会医療法人社団　愛有会　久米川病院,1416.0,exact,社会医療法人社団　愛有会　久米川病院
東村山市,恩多町四丁目,社会医療法人社団　愛有会　久米川病院,1878.0,exact,社会医療法人社団　愛有会　久米川病院
東村山市,恩多町五丁目,医療法人社団　新新会　多摩あおば病院,2518.0,exact,医療法人社団　新新会　多摩あおば病院
東村山市,萩山町一丁目,緑風荘病院,4347.0,exact,緑風荘病院
東村山市,萩山町二丁目,緑風荘病院,6872.0,exact,緑風荘病院
東村山市,萩山町三丁目,緑風荘病院,13559.0,exact,緑風荘病院
東村山市,萩山町四丁目,緑風荘病院,2640.0,exact,緑風荘病院
東村山市,萩山町五丁目,緑風荘病院,2060.0,exact,緑風荘病院
東村山市,栄町一丁目,緑風荘病院,3754.0,exact,緑風荘病院
東村山市,栄町二丁目,緑風荘病院,4999.0,exact,緑風荘病院
東村山市,栄町三丁目,緑風荘病院,18130.0,exact,緑風荘病院
東村山市,富士見町一丁目,緑風荘病院,14825.0,exact,緑風荘病院
東村山市,富士見町二丁目,緑風荘病院,2643.0,exact,緑風荘病院
東村山市,富士見町三丁目,緑風荘病院,4380.0,exact,緑風荘病院
東村山市,富士見町四丁目,緑風荘病院,1444.0,exact,緑風荘病院
東村山市,富士見町五丁目,緑風荘病院,2071.0,exact,緑風荘病院
東村山市,美住町一丁目,緑風荘病院,11384.0,exact,緑風荘病院
東村山市,美住町二丁目,東村山市休日準夜応急診療所,1962.0,exact,東村山市休日準夜応急診療所
東村山市,廻田町一丁目,緑風荘病院,1494.0,exact,緑風荘病院
東村山市,廻田町二丁目,緑風荘病院,2051.0,exact,緑風荘病院
東村山市,廻田町三丁目,緑風荘病院,799.0,exact,緑風荘病院
東村山市,廻田町四丁目,東村山市休日準夜応急診療所,1081.0,exact,東村山市休日準夜応急診療所
東村山市,多摩湖町一丁目,東村山市休日準夜応急診療所,711.0,exact,東村山市休日準夜応急診療所
東村山市,多摩湖町二丁目,東村山市休日準夜応急診療所,411.0,exact,東村山市休日準夜応急診療所
東村山市,多摩湖町三丁目,緑風荘病院,718.0,exact,緑風荘病院
東村山市,多摩湖町四丁目,公立昭和病院,620.0,exact,公立昭和病院
東村山市,諏訪町一丁目,東村山市休日準夜応急診療所,1155.0,exact,東村山市休日準夜応急診療所
東村山市,諏訪町二丁目,東村山市休日準夜応急診療所,1435.0,exact,東村山市休日準夜応急診療所
東村山市,諏訪町三丁目,医療法人社団　新新会　多摩あおば病院,442.0,exact,医療法人社団　新新会　多摩あおば病院
東村山市,野口町一丁目,東村山市休日準夜応急診療所,1688.0,exact,東村山市休日準夜応急診療所
東村山市,野口町二丁目,医療法人　泰一会　多摩北整形外科病院,1171.0,exact,医療法人　泰一会　多摩北整形外科病院
東村山市,野口町三丁目,東村山市休日準夜応急診療所,1891.0,exact,東村山市休日準夜応急診療所
東村山市,野口町四丁目,医療法人　泰一会　多摩北整形外科病院,1290.0,exact,医療法人　泰一会　多摩北整形外科病院
国分寺市,東元町一丁目,小金井リハビリテーション病院,1427.0,exact,小金井リハビリテーション病院
国分寺市,東元町二丁目,東京都臨時医療施設（国立病院機構東京病院）,367.0,exact,東京都臨時医療施設（国立病院機構東京病院）
国分寺市,東元町三丁目,公益財団法人　井之頭病院,570.0,exact,公益財団法人　井之頭病院
国分寺市,東元町四丁目,医療法人財団　慈生会　野村病院,645.0,exact,医療法人財団　慈生会　野村病院
国分寺市,西元町二丁目,杏林大学医学部付属病院,522.0,exact,杏林大学医学部付属病院
国分寺市,西元町三丁目,医療法人社団　武蔵野会　一橋病院,238.0,exact,医療法人社団　武蔵野会　一橋病院
国分寺市,南町一丁目,小金井リハビリテーション病院,310.0,exact,小金井リハビリテーション病院
国分寺市,南町二丁目,小金井リハビリテーション病院,504.0,exact,小金井リハビリテーション病院
国分寺市,南町三丁目,杏林大学医学部付属病院,826.0,exact,杏林大学医学部付属病院
国分寺市,泉町一丁目,東京都臨時医療施設（国立病院機構東京病院）,996.0,exact,東京都臨時医療施設（国立病院機構東京病院）
国分寺市,泉町二丁目,国立研究開発法人　国立精神・神経医療研究センター病院,1786.0,exact,国立研究開発法人　国立精神・神経医療研究センター病院
国分寺市,泉町三丁目,杏林大学医学部付属病院,366.0,exact,杏林大学医学部付属病院
国分寺市,本町一丁目,緑風荘病院,338.0,exact,緑風荘病院
国分寺市,本町二丁目,公立昭和病院,281.0,exact,公立昭和病院
国分寺市,本町三丁目,国立研究開発法人　国立精神・神経医療研究センター病院,537.0,exact,国立研究開発法人　国立精神・神経医療研究センター病院
国分寺市,本町四丁目,医療法人　徳洲会　武蔵野徳洲会病院,517.0,exact,医療法人　徳洲会　武蔵野徳洲会病院
国分寺市,本多一丁目,杏林大学医学部付属病院,394.0,exact,杏林大学医学部付属病院
国分寺市,本多二丁目,杏林大学医学部付属病院,574.0,exact,杏林大学医学部付属病院
国分寺市,本多三丁目,医療法人社団　武蔵野会　一橋病院,639.0,exact,医療法人社団　武蔵野会　一橋病院
国分寺市,本多四丁目,公立昭和病院,340.0,exact,公立昭和病院
国分寺市,本多五丁目,杏林大学医学部付属病院,847.0,exact,杏林大学医学部付属病院
国分寺市,東恋ケ窪一丁目,小金井リハビリテーション病院,104.0,exact,小金井リハビリテーション病院
国分寺市,東恋ケ窪二丁目,公立昭和病院,730.0,exact,公立昭和病院
国分寺市,東恋ケ窪三丁目,国立研究開発法人　国立精神・神経医療研究センター病院,479.0,exact,国立研究開発法人　国立精神・神経医療研究センター病院
国分寺市,東恋ケ窪四丁目,緑風荘病院,652.0,exact,緑風荘病院
国分寺市,東恋ケ窪五丁目,緑風荘病院,355.0,exact,緑風荘病院
国分寺市,東恋ケ窪六丁目,小金井リハビリテーション病院,974.0,exact,小金井リハビリテーション病院
国分寺市,西恋ケ窪一丁目,小金井リハビリテーション病院,530.0,exact,小金井リハビリテーション病院
国分寺市,西恋ケ窪二丁目,杏林大学医学部付属病院,219.0,exact,杏林大学医学部付属病院
国分寺市,西恋ケ窪三丁目,小金井リハビリテーション病院,102.0,exact,小金井リハビリテーション病院
国分寺市,西恋ケ窪四丁目,地方独立行政法人　東京都立病院機構　東京都立多摩北部医療センター,823.0,exact,地方独立行政法人　東京都立病院機構　東京都立多摩北部医療センター
国分寺市,東戸倉一丁目,小金井リハビリテーション病院,200.0,exact,小金井リハビリテーション病院
国分寺市,東戸倉二丁目,東村山市休日準夜応急診療所,688.0,exact,東村山市休日準夜応急診療所
国分寺市,戸倉一丁目,医療法人社団　武蔵野会　一橋病院,195.0,exact,医療法人社団　武蔵野会　一橋病院
国分寺市,戸倉二丁目,小金井リハビリテーション病院,263.0,exact,小金井リハビリテーション病院
国分寺市,戸倉四丁目,小金井リハビリテーション病院,443.0,exact,小金井リハビリテーション病院
国分寺市,日吉町四丁目,医療法人社団　Ｈｅａｒｔ　Ｓｔａｔｉｏｎ　こころ診療所吉祥寺駅前,206.0,exact,医療法人社団　Ｈｅａｒｔ　Ｓｔａｔｉｏｎ　こころ診療所吉祥寺駅前
国分寺市,新町一丁目,医療法人社団　武蔵野会　一橋病院,197.0,exact,医療法人社団　武蔵野会　一橋病院
国分寺市,並木町一丁目,医療法人社団　武蔵野会　一橋病院,310.0,exact,医療法人社団　武蔵野会　一橋病院
国分寺市,北町一丁目,国立研究開発法人　国立精神・神経医療研究センター病院,316.0,exact,国立研究開発法人　国立精神・神経医療研究センター病院
国分寺市,北町二丁目,小金井リハビリテーション病院,62.0,exact,小金井リハビリテーション病院
国分寺市,北町四丁目,緑風荘病院,155.0,exact,緑風荘病院
国分寺市,北町五丁目,公立昭和病院,83.0,exact,公立昭和病院
東大和市,奈良橋三丁目,緑風荘病院,226.0,exact,緑風荘病院
東大和市,奈良橋五丁目,市毛診療所 東京都練馬区,73.0,exact,市毛診療所 東京都練馬区
東大和市,奈良橋六丁目,緑風荘病院,234.0,exact,緑風荘病院
東大和市,湖畔三丁目,公立昭和病院,449.0,exact,公立昭和病院
東大和市,高木一丁目,小金井リハビリテーション病院,70.0,exact,小金井リハビリテーション病院
東大和市,高木二丁目,緑風荘病院,884.0,exact,緑風荘病院
東大和市,高木三丁目,緑風荘病院,410.0,exact,緑風荘病院
東大和市,狭山一丁目,緑風荘病院,274.0,exact,緑風荘病院
東大和市,狭山二丁目,公立昭和病院,309.0,exact,公立昭和病院
東大和市,狭山三丁目,医療法人　泰一会　多摩北整形外科病院,267.0,exact,医療法人　泰一会　多摩北整形外科病院
東大和市,狭山四丁目,緑風荘病院,893.0,exact,緑風荘病院
東大和市,狭山五丁目,緑風荘病院,331.0,exact,緑風荘病院
東大和市,清水一丁目,社会医療法人社団　愛有会　久米川病院,434.0,exact,社会医療法人社団　愛有会　久米川病院
東大和市,清水二丁目,緑風荘病院,341.0,exact,緑風荘病院
東大和市,清水三丁目,緑風荘病院,839.0,exact,緑風荘病院
東大和市,清水四丁目,緑風荘病院,851.0,exact,緑風荘病院
東大和市,清水五丁目,緑風荘病院,346.0,exact,緑風荘病院
東大和市,清水六丁目,緑風荘病院,813.0,exact,緑風荘病院
東大和市,中央一丁目,緑風荘病院,514.0,exact,緑風荘病院
東大和市,中央二丁目,公立昭和病院,522.0,exact,公立昭和病院
東大和市,中央三丁目,公立昭和病院,79.0,exact,公立昭和病院
東大和市,中央四丁目,緑風荘病院,358.0,exact,緑風荘病院
東大和市,南街一丁目,地方独立行政法人　東京都立病院機構　東京都立多摩北部医療センター,112.0,exact,地方独立行政法人　東京都立病院機構　東京都立多摩北部医療センター
東大和市,仲原一丁目,緑風荘病院,236.0,exact,緑風荘病院
東大和市,仲原二丁目,緑風荘病院,756.0,exact,緑風荘病院
東大和市,仲原三丁目,公立昭和病院,379.0,exact,公立昭和病院
東大和市,仲原四丁目,緑風荘病院,686.0,exact,緑風荘病院
東大和市,向原一丁目,杏林大学医学部付属病院,223.0,exact,杏林大学医学部付属病院
東大和市,向原二丁目,緑風荘病院,105.0,exact,緑風荘病院
東大和市,向原三丁目,緑風荘病院,197.0,exact,緑風荘病院
東大和市,向原四丁目,国立研究開発法人　国立精神・神経医療研究センター病院,786.0,exact,国立研究開発法人　国立精神・神経医療研究センター病院
東大和市,向原五丁目,医療法人　泰一会　多摩北整形外科病院,537.0,exact,医療法人　泰一会　多摩北整形外科病院
東大和市,向原六丁目,緑風荘病院,623.0,exact,緑風荘病院
東大和市,清原一丁目,緑風荘病院,216.0,exact,緑風荘病院
東大和市,清原二丁目,緑風荘病院,567.0,exact,緑風荘病院
東大和市,清原三丁目,公立昭和病院,651.0,exact,公立昭和病院
東大和市,清原四丁目,緑風荘病院,230.0,exact,緑風荘病院
東大和市,新堀一丁目,緑風荘病院,757.0,exact,緑風荘病院
東大和市,新堀二丁目,緑風荘病院,287.0,exact,緑風荘病院
東大和市,新堀三丁目,公立昭和病院,571.0,exact,公立昭和病院
清瀬市,上清戸一丁目,東京都臨時医療施設（国立病院機構東京病院）,869.0,exact,東京都臨時医療施設（国立病院機構東京病院）
清瀬市,上清戸二丁目,公益財団法人　結核予防会　複十字病院,1319.0,exact,公益財団法人　結核予防会　複十字病院
清瀬市,元町一丁目,地方独立行政法人　東京都立病院機構　東京都立多摩北部医療センター,1498.0,exact,地方独立行政法人　東京都立病院機構　東京都立多摩北部医療センター
清瀬市,元町二丁目,公益財団法人　結核予防会　複十字病院,1191.0,exact,公益財団法人　結核予防会　複十字病院
清瀬市,中清戸一丁目,東京都臨時医療施設（国立病院機構東京病院）,752.0,exact,東京都臨時医療施設（国立病院機構東京病院）
清瀬市,中清戸二丁目,公益財団法人　結核予防会　複十字病院,524.0,exact,公益財団法人　結核予防会　複十字病院
清瀬市,中清戸三丁目,医療法人社団　山本・前田記念会　前田病院,250.0,exact,医療法人社団　山本・前田記念会　前田病院
清瀬市,中清戸四丁目,地方独立行政法人　東京都立病院機構　東京都立多摩北部医療センター,904.0,exact,地方独立行政法人　東京都立病院機構　東京都立多摩北部医療センター
清瀬市,中清戸五丁目,医療法人社団　新新会　多摩あおば病院,1219.0,exact,医療法人社団　新新会　多摩あおば病院
清瀬市,下清戸一丁目,公立昭和病院,550.0,exact,公立昭和病院
清瀬市,下清戸二丁目,医療法人社団　新新会　多摩あおば病院,343.0,exact,医療法人社団　新新会　多摩あおば病院
清瀬市,下清戸三丁目,順天堂大学医学部附属練馬病院,66.0,exact,順天堂大学医学部附属練馬病院
清瀬市,下清戸四丁目,公益財団法人　結核予防会　複十字病院,293.0,exact,公益財団法人　結核予防会　複十字病院
清瀬市,下清戸五丁目,地方独立行政法人　東京都立病院機構　東京都立多摩北部医療センター,124.0,exact,地方独立行政法人　東京都立病院機構　東京都立多摩北部医療センター
清瀬市,下宿一丁目,地方独立行政法人　東京都立病院機構　東京都立多摩北部医療センター,933.0,exact,地方独立行政法人　東京都立病院機構　東京都立多摩北部医療センター
清瀬市,下宿二丁目,地方独立行政法人　東京都立病院機構　東京都立多摩北部医療センター,197.0,exact,地方独立行政法人　東京都立病院機構　東京都立多摩北部医療センター
清瀬市,下宿三丁目,地方独立行政法人　東京都立病院機構　東京都立多摩北部医療センター,274.0,exact,地方独立行政法人　東京都立病院機構　東京都立多摩北部医療センター
清瀬市,旭が丘一丁目,地方独立行政法人　東京都立病院機構　東京都立多摩北部医療センター,692.0,exact,地方独立行政法人　東京都立病院機構　東京都立多摩北部医療センター
清瀬市,旭が丘二丁目,地方独立行政法人　東京都立病院機構　東京都立多摩北部医療センター,1220.0,exact,地方独立行政法人　東京都立病院機構　東京都立多摩北部医療センター
清瀬市,旭が丘三丁目,杏林大学医学部付属病院,188.0,exact,杏林大学医学部付属病院
清瀬市,旭が丘四丁目,東京都臨時医療施設（国立病院機構東京病院）,72.0,exact,東京都臨時医療施設（国立病院機構東京病院）
清瀬市,旭が丘五丁目,地方独立行政法人　東京都立病院機構　東京都立多摩北部医療センター,696.0,exact,地方独立行政法人　東京都立病院機構　東京都立多摩北部医療センター
清瀬市,旭が丘六丁目,医療法人　泰一会　多摩北整形外科病院,101.0,exact,医療法人　泰一会　多摩北整形外科病院
清瀬市,中里一丁目,公益財団法人　結核予防会　複十字病院,854.0,exact,公益財団法人　結核予防会　複十字病院
清瀬市,中里二丁目,公益財団法人　結核予防会　複十字病院,514.0,exact,公益財団法人　結核予防会　複十字病院
清瀬市,中里三丁目,東京都臨時医療施設（国立病院機構東京病院）,854.0,exact,東京都臨時医療施設（国立病院機構東京病院）
清瀬市,中里四丁目,東京都臨時医療施設（国立病院機構東京病院）,749.0,exact,東京都臨時医療施設（国立病院機構東京病院）
清瀬市,中里五丁目,順天堂大学医学部附属練馬病院,462.0,exact,順天堂大学医学部附属練馬病院
清瀬市,中里六丁目,公益財団法人　結核予防会　複十字病院,328.0,exact,公益財団法人　結核予防会　複十字病院
清瀬市,野塩一丁目,地方独立行政法人　東京都立病院機構　東京都立多摩北部医療センター,1485.0,exact,地方独立行政法人　東京都立病院機構　東京都立多摩北部医療センター
清瀬市,野塩二丁目,医療法人社団　新新会　多摩あおば病院,457.0,exact,医療法人社団　新新会　多摩あおば病院
清瀬市,野塩三丁目,公益財団法人　結核予防会　複十字病院,717.0,exact,公益財団法人　結核予防会　複十字病院
清瀬市,野塩四丁目,地方独立行政法人　東京都立病院機構　東京都立多摩北部医療センター,789.0,exact,地方独立行政法人　東京都立病院機構　東京都立多摩北部医療センター
清瀬市,野塩五丁目,公益財団法人　結核予防会　複十字病院,745.0,exact,公益財団法人　結核予防会　複十字病院
清瀬市,松山一丁目,医療法人社団　新新会　多摩あおば病院,1192.0,exact,医療法人社団　新新会　多摩あおば病院
清瀬市,松山二丁目,地方独立行政法人　東京都立病院機構　東京都立多摩北部医療センター,913.0,exact,地方独立行政法人　東京都立病院機構　東京都立多摩北部医療センター
清瀬市,松山三丁目,公益財団法人　結核予防会　複十字病院,1783.0,exact,公益財団法人　結核予防会　複十字病院
清瀬市,竹丘一丁目,東京都臨時医療施設（国立病院機構東京病院）,2714.0,exact,東京都臨時医療施設（国立病院機構東京病院）
清瀬市,竹丘二丁目,東京都臨時医療施設（国立病院機構東京病院）,3418.0,exact,東京都臨時医療施設（国立病院機構東京病院）
清瀬市,竹丘三丁目,東京都臨時医療施設（国立病院機構東京病院）,5213.0,exact,東京都臨時医療施設（国立病院機構東京病院）
清瀬市,梅園一丁目,東京都臨時医療施設（国立病院機構東京病院）,155.0,exact,東京都臨時医療施設（国立病院機構東京病院）
清瀬市,梅園二丁目,公益財団法人　結核予防会　複十字病院,953.0,exact,公益財団法人　結核予防会　複十字病院
清瀬市,梅園三丁目,東京都臨時医療施設（国立病院機構東京病院）,1314.0,exact,東京都臨時医療施設（国立病院機構東京病院）
東久留米市,上の原一丁目,東久留米市休日診療所,2250.0,exact,東久留米市休日診療所
東久留米市,上の原二丁目,佐々総合病院,17.0,exact,佐々総合病院
東久留米市,神宝町一丁目,東久留米市休日診療所,1272.0,exact,東久留米市休日診療所
東久留米市,神宝町二丁目,東久留米市休日診療所,1283.0,exact,東久留米市休日診療所
東久留米市,金山町一丁目,東久留米市休日診療所,1675.0,exact,東久留米市休日診療所
東久留米市,金山町二丁目,東久留米市休日診療所,1573.0,exact,東久留米市休日診療所
東久留米市,氷川台一丁目,東久留米市休日診療所,1414.0,exact,東久留米市休日診療所
東久留米市,氷川台二丁目,東久留米市休日診療所,1109.0,exact,東久留米市休日診療所
東久留米市,大門町一丁目,東久留米市休日診療所,574.0,exact,東久留米市休日診療所
東久留米市,大門町二丁目,東久留米市休日診療所,3845.0,exact,東久留米市休日診療所
東久留米市,東本町,東久留米市休日診療所,3350.0,exact,東久留米市休日診療所
東久留米市,新川町一丁目,東久留米市休日診療所,2473.0,exact,東久留米市休日診療所
東久留米市,新川町二丁目,東久留米市休日診療所,1391.0,exact,東久留米市休日診療所
東久留米市,浅間町一丁目,東久留米市休日診療所,1596.0,exact,東久留米市休日診療所
東久留米市,浅間町二丁目,東久留米市休日診療所,2425.0,exact,東久留米市休日診療所
東久留米市,浅間町三丁目,東久留米市休日診療所,2256.0,exact,東久留米市休日診療所
東久留米市,学園町一丁目,東久留米市休日診療所,1958.0,exact,東久留米市休日診療所
東久留米市,学園町二丁目,東久留米市休日診療所,1481.0,exact,東久留米市休日診療所
東久留米市,ひばりが丘団地,東久留米市休日診療所,2633.0,exact,東久留米市休日診療所
東久留米市,本町一丁目,東久留米市休日診療所,3549.0,exact,東久留米市休日診療所
東久留米市,本町二丁目,東久留米市休日診療所,1508.0,exact,東久留米市休日診療所
東久留米市,本町三丁目,東久留米市休日診療所,5688.0,exact,東久留米市休日診療所
東久留米市,本町四丁目,東久留米市休日診療所,3569.0,exact,東久留米市休日診療所
東久留米市,小山一丁目,東久留米市休日診療所,1186.0,exact,東久留米市休日診療所
東久留米市,小山二丁目,東久留米市休日診療所,546.0,exact,東久留米市休日診療所
東久留米市,小山三丁目,東久留米市休日診療所,2550.0,exact,東久留米市休日診療所
東久留米市,小山四丁目,東久留米市休日診療所,959.0,exact,東久留米市休日診療所
東久留米市,小山五丁目,東久留米市休日診療所,1244.0,exact,東久留米市休日診療所
東久留米市,幸町一丁目,東久留米市休日診療所,2583.0,exact,東久留米市休日診療所
東久留米市,幸町二丁目,東久留米市休日診療所,1224.0,exact,東久留米市休日診療所
東久留米市,幸町三丁目,東久留米市休日診療所,2340.0,exact,東久留米市休日診療所
東久留米市,幸町四丁目,順天堂大学医学部附属練馬病院,547.0,exact,順天堂大学医学部附属練馬病院
東久留米市,幸町五丁目,東久留米市休日診療所,400.0,exact,東久留米市休日診療所
東久留米市,中央町一丁目,東久留米市休日診療所,6590.0,exact,東久留米市休日診療所
東久留米市,中央町二丁目,東久留米市休日診療所,2031.0,exact,東久留米市休日診療所
東久留米市,中央町三丁目,東久留米市休日診療所,2234.0,exact,東久留米市休日診療所
東久留米市,中央町四丁目,東久留米市休日診療所,2042.0,exact,東久留米市休日診療所
東久留米市,中央町五丁目,医療法人社団　山本・前田記念会　前田病院,1797.0,exact,医療法人社団　山本・前田記念会　前田病院
東久留米市,中央町六丁目,東久留米市休日診療所,1608.0,exact,東久留米市休日診療所
東久留米市,南沢一丁目,東久留米市休日診療所,4033.0,exact,東久留米市休日診療所
東久留米市,南沢二丁目,東久留米市休日診療所,1699.0,exact,東久留米市休日診療所
東久留米市,南沢三丁目,東久留米市休日診療所,1686.0,exact,東久留米市休日診療所
東久留米市,南沢四丁目,東久留米市休日診療所,593.0,exact,東久留米市休日診療所
東久留米市,南沢五丁目,東久留米市休日診療所,1315.0,exact,東久留米市休日診療所
東久留米市,前沢一丁目,東久留米市休日診療所,1467.0,exact,東久留米市休日診療所
東久留米市,前沢二丁目,東久留米市休日診療所,1968.0,exact,東久留米市休日診療所
東久留米市,前沢三丁目,東久留米市休日診療所,1699.0,exact,東久留米市休日診療所
東久留米市,前沢四丁目,東久留米市休日診療所,1489.0,exact,東久留米市休日診療所
東久留米市,前沢五丁目,医療法人社団　好仁会　滝山病院,1868.0,exact,医療法人社団　好仁会　滝山病院
東久留米市,南町一丁目,東久留米市休日診療所,1912.0,exact,東久留米市休日診療所
東久留米市,南町二丁目,佐々総合病院,131.0,exact,佐々総合病院
東久留米市,南町三丁目,東久留米市休日診療所,900.0,exact,東久留米市休日診療所
東久留米市,南町四丁目,東久留米市休日診療所,1423.0,exact,東久留米市休日診療所
東久留米市,滝山一丁目,東久留米市休日診療所,845.0,exact,東久留米市休日診療所
東久留米市,滝山二丁目,医療法人社団　好仁会　滝山病院,1064.0,exact,医療法人社団　好仁会　滝山病院
東久留米市,滝山三丁目,医療法人社団　好仁会　滝山病院,3087.0,exact,医療法人社団　好仁会　滝山病院
東久留米市,滝山四丁目,医療法人社団　好仁会　滝山病院,1609.0,exact,医療法人社団　好仁会　滝山病院
東久留米市,滝山五丁目,医療法人社団　好仁会　滝山病院,2064.0,exact,医療法人社団　好仁会　滝山病院
東久留米市,滝山六丁目,医療法人社団　好仁会　滝山病院,9689.0,exact,医療法人社団　好仁会　滝山病院
東久留米市,滝山七丁目,医療法人社団　好仁会　滝山病院,2451.0,exact,医療法人社団　好仁会　滝山病院
東久留米市,下里一丁目,東久留米市休日診療所,2058.0,exact,東久留米市休日診療所
東久留米市,下里二丁目,東久留米市休日診療所,2976.0,exact,東久留米市休日診療所
東久留米市,下里三丁目,医療法人社団　好仁会　滝山病院,1335.0,exact,医療法人社団　好仁会　滝山病院
東久留米市,下里四丁目,東久留米市休日診療所,3817.0,exact,東久留米市休日診療所
東久留米市,下里五丁目,東久留米市休日診療所,1484.0,exact,東久留米市休日診療所
東久留米市,下里六丁目,地方独立行政法人　東京都立病院機構　東京都立多摩北部医療センター,1103.0,exact,地方独立行政法人　東京都立病院機構　東京都立多摩北部医療センター
東久留米市,下里七丁目,東久留米市休日診療所,1563.0,exact,東久留米市休日診療所
東久留米市,柳窪一丁目,公立昭和病院,764.0,exact,公立昭和病院
東久留米市,柳窪二丁目,医療法人社団　好仁会　滝山病院,1823.0,exact,医療法人社団　好仁会　滝山病院
東久留米市,柳窪三丁目,医療法人社団　好仁会　滝山病院,169.0,exact,医療法人社団　好仁会　滝山病院
東久留米市,柳窪四丁目,医療法人社団　好仁会　滝山病院,1283.0,exact,医療法人社団　好仁会　滝山病院
東久留米市,柳窪五丁目,医療法人社団　好仁会　滝山病院,371.0,exact,医療法人社団　好仁会　滝山病院
東久留米市,野火止一丁目,医療法人社団　山本・前田記念会　前田病院,105.0,exact,医療法人社団　山本・前田記念会　前田病院
東久留米市,野火止二丁目,東久留米市休日診療所,1367.0,exact,東久留米市休日診療所
東久留米市,野火止三丁目,東久留米市休日診療所,1798.0,exact,東久留米市休日診療所
東久留米市,八幡町一丁目,東久留米市休日診療所,3248.0,exact,東久留米市休日診療所
東久留米市,八幡町二丁目,東久留米市休日診療所,1990.0,exact,東久留米市休日診療所
東久留米市,八幡町三丁目,医療法人社団　山本・前田記念会　前田病院,2058.0,exact,医療法人社団　山本・前田記念会　前田病院
東久留米市,弥生一丁目,医療法人社団　好仁会　滝山病院,912.0,exact,医療法人社団　好仁会　滝山病院
東久留米市,弥生二丁目,東久留米市休日診療所,323.0,exact,東久留米市休日診療所
西東京市,新町一丁目,医療法人社団　薫風会　山田病院,1461.0,exact,医療法人社団　薫風会　山田病院
西東京市,新町二丁目,医療法人　徳洲会　武蔵野徳洲会病院,465.0,exact,医療法人　徳洲会　武蔵野徳洲会病院
西東京市,新町三丁目,医療法人　徳洲会　武蔵野徳洲会病院,2052.0,exact,医療法人　徳洲会　武蔵野徳洲会病院
西東京市,新町四丁目,医療法人　徳洲会　武蔵野徳洲会病院,909.0,exact,医療法人　徳洲会　武蔵野徳洲会病院
西東京市,新町五丁目,医療法人　徳洲会　武蔵野徳洲会病院,3438.0,exact,医療法人　徳洲会　武蔵野徳洲会病院
西東京市,新町六丁目,医療法人　徳洲会　武蔵野徳洲会病院,2427.0,exact,医療法人　徳洲会　武蔵野徳洲会病院
西東京市,柳沢一丁目,佐々総合病院,673.0,exact,佐々総合病院
西東京市,柳沢二丁目,佐々総合病院,1327.0,exact,佐々総合病院
西東京市,柳沢三丁目,医療法人　徳洲会　武蔵野徳洲会病院,1286.0,exact,医療法人　徳洲会　武蔵野徳洲会病院
西東京市,柳沢四丁目,医療法人　徳洲会　武蔵野徳洲会病院,312.0,exact,医療法人　徳洲会　武蔵野徳洲会病院
西東京市,柳沢五丁目,佐々総合病院,1495.0,exact,佐々総合病院
西東京市,柳沢六丁目,医療法人社団　薫風会　山田病院,973.0,exact,医療法人社団　薫風会　山田病院
西東京市,東伏見一丁目,医療法人社団　Ｈｅａｒｔ　Ｓｔａｔｉｏｎ　こころ診療所吉祥寺駅前,165.0,exact,医療法人社団　Ｈｅａｒｔ　Ｓｔａｔｉｏｎ　こころ診療所吉祥寺駅前
西東京市,東伏見二丁目,佐々総合病院,636.0,exact,佐々総合病院
西東京市,東伏見三丁目,医療法人社団　東京白報会　みたか在宅診療所,174.0,exact,医療法人社団　東京白報会　みたか在宅診療所
西東京市,東伏見四丁目,医療法人　徳洲会　武蔵野徳洲会病院,680.0,exact,医療法人　徳洲会　武蔵野徳洲会病院
西東京市,東伏見五丁目,医療法人社団　東京白報会　みたか在宅診療所,514.0,exact,医療法人社団　東京白報会　みたか在宅診療所
西東京市,東伏見六丁目,佐々総合病院,307.0,exact,佐々総合病院
西東京市,保谷町一丁目,医療法人社団　東京白報会　みたか在宅診療所,380.0,exact,医療法人社団　東京白報会　みたか在宅診療所
西東京市,保谷町二丁目,佐々総合病院,277.0,exact,佐々総合病院
西東京市,保谷町三丁目,医療法人社団　薫風会　山田病院,438.0,exact,医療法人社団　薫風会　山田病院
西東京市,保谷町四丁目,佐々総合病院,937.0,exact,佐々総合病院
西東京市,保谷町五丁目,佐々総合病院,1769.0,exact,佐々総合病院
西東京市,保谷町六丁目,佐々総合病院,1651.0,exact,佐々総合病院
西東京市,富士町一丁目,佐々総合病院,1298.0,exact,佐々総合病院
西東京市,富士町二丁目,佐々総合病院,1109.0,exact,佐々総合病院
西東京市,富士町三丁目,佐々総合病院,697.0,exact,佐々総合病院
西東京市,富士町四丁目,佐々総合病院,737.0,exact,佐々総合病院
西東京市,富士町五丁目,佐々総合病院,275.0,exact,佐々総合病院
西東京市,富士町六丁目,公立昭和病院,401.0,exact,公立昭和病院
西東京市,中町一丁目,小金井リハビリテーション病院,258.0,exact,小金井リハビリテーション病院
西東京市,中町二丁目,医療法人社団　東京白報会　みたか在宅診療所,499.0,exact,医療法人社団　東京白報会　みたか在宅診療所
西東京市,中町三丁目,順天堂大学医学部附属練馬病院,271.0,exact,順天堂大学医学部附属練馬病院
西東京市,中町四丁目,佐々総合病院,240.0,exact,佐々総合病院
西東京市,中町五丁目,公益財団法人　結核予防会　複十字病院,461.0,exact,公益財団法人　結核予防会　複十字病院
西東京市,中町六丁目,医療法人社団　東京白報会　みたか在宅診療所,535.0,exact,医療法人社団　東京白報会　みたか在宅診療所
西東京市,東町一丁目,国立研究開発法人　国立精神・神経医療研究センター病院,189.0,exact,国立研究開発法人　国立精神・神経医療研究センター病院
西東京市,東町二丁目,順天堂大学医学部附属練馬病院,594.0,exact,順天堂大学医学部附属練馬病院
西東京市,東町三丁目,佐々総合病院,496.0,exact,佐々総合病院
西東京市,東町四丁目,順天堂大学医学部附属練馬病院,1017.0,exact,順天堂大学医学部附属練馬病院
西東京市,東町五丁目,順天堂大学医学部附属練馬病院,199.0,exact,順天堂大学医学部附属練馬病院
西東京市,東町六丁目,医療法人社団　東光会　西東京中央総合病院,526.0,exact,医療法人社団　東光会　西東京中央総合病院
西東京市,泉町一丁目,佐々総合病院,1062.0,exact,佐々総合病院
西東京市,泉町二丁目,佐々総合病院,1324.0,exact,佐々総合病院
西東京市,泉町三丁目,東京都臨時医療施設（国立病院機構東京病院）,578.0,exact,東京都臨時医療施設（国立病院機構東京病院）
西東京市,泉町四丁目,医療法人財団　緑秀会　田無病院,405.0,exact,医療法人財団　緑秀会　田無病院
西東京市,泉町五丁目,佐々総合病院,770.0,exact,佐々総合病院
西東京市,泉町六丁目,順天堂大学医学部附属練馬病院,1203.0,exact,順天堂大学医学部附属練馬病院
西東京市,住吉町一丁目,医療法人社団　東光会　西東京中央総合病院,1089.0,exact,医療法人社団　東光会　西東京中央総合病院
西東京市,住吉町二丁目,医療法人財団　緑秀会　田無病院,197.0,exact,医療法人財団　緑秀会　田無病院
西東京市,住吉町三丁目,医療法人財団　緑秀会　田無病院,734.0,exact,医療法人財団　緑秀会　田無病院
西東京市,住吉町四丁目,順天堂大学医学部附属練馬病院,516.0,exact,順天堂大学医学部附属練馬病院
西東京市,住吉町五丁目,佐々総合病院,235.0,exact,佐々総合病院
西東京市,住吉町六丁目,医療法人社団　薫風会　山田病院,517.0,exact,医療法人社団　薫風会　山田病院
西東京市,ひばりが丘一丁目,佐々総合病院,595.0,exact,佐々総合病院
西東京市,ひばりが丘二丁目,医療法人財団　緑秀会　田無病院,1172.0,exact,医療法人財団　緑秀会　田無病院
西東京市,ひばりが丘三丁目,医療法人財団　緑秀会　田無病院,2717.0,exact,医療法人財団　緑秀会　田無病院
西東京市,ひばりが丘四丁目,医療法人社団　東光会　西東京中央総合病院,944.0,exact,医療法人社団　東光会　西東京中央総合病院
西東京市,ひばりが丘北一丁目,佐々総合病院,336.0,exact,佐々総合病院
西東京市,ひばりが丘北二丁目,順天堂大学医学部附属練馬病院,414.0,exact,順天堂大学医学部附属練馬病院
西東京市,ひばりが丘北三丁目,佐々総合病院,188.0,exact,佐々総合病院
西東京市,ひばりが丘北四丁目,練馬区石神井休日急患診療所,144.0,exact,練馬区石神井休日急患診療所
西東京市,栄町一丁目,佐々総合病院,945.0,exact,佐々総合病院
西東京市,栄町二丁目,順天堂大学医学部附属練馬病院,476.0,exact,順天堂大学医学部附属練馬病院
西東京市,栄町三丁目,順天堂大学医学部附属練馬病院,346.0,exact,順天堂大学医学部附属練馬病院
西東京市,北町一丁目,杏林大学医学部付属病院,347.0,exact,杏林大学医学部付属病院
西東京市,北町二丁目,公立昭和病院,823.0,exact,公立昭和病院
西東京市,北町三丁目,順天堂大学医学部附属練馬病院,715.0,exact,順天堂大学医学部附属練馬病院
西東京市,北町四丁目,順天堂大学医学部附属練馬病院,321.0,exact,順天堂大学医学部附属練馬病院
西東京市,北町五丁目,順天堂大学医学部附属練馬病院,513.0,exact,順天堂大学医学部附属練馬病院
西東京市,北町六丁目,,0.0,exact,未結合(利用者数TOP60施設の利用0 or データなし)
西東京市,下保谷一丁目,医療法人社団　久保田産婦人科病院,355.0,exact,医療法人社団　久保田産婦人科病院
西東京市,下保谷二丁目,順天堂大学医学部附属練馬病院,844.0,exact,順天堂大学医学部附属練馬病院
西東京市,下保谷三丁目,順天堂大学医学部附属練馬病院,633.0,exact,順天堂大学医学部附属練馬病院
西東京市,下保谷四丁目,順天堂大学医学部附属練馬病院,521.0,exact,順天堂大学医学部附属練馬病院
西東京市,下保谷五丁目,医療法人財団　緑秀会　田無病院,883.0,exact,医療法人財団　緑秀会　田無病院
西東京市,田無町一丁目,佐々総合病院,984.0,exact,佐々総合病院
西東京市,田無町二丁目,佐々総合病院,1693.0,exact,佐々総合病院
西東京市,田無町三丁目,佐々総合病院,2160.0,exact,佐々総合病院
西東京市,田無町四丁目,佐々総合病院,3870.0,exact,佐々総合病院
西東京市,田無町五丁目,佐々総合病院,5914.0,exact,佐々総合病院
西東京市,田無町六丁目,医療法人社団　東光会　西東京中央総合病院,2477.0,exact,医療法人社団　東光会　西東京中央総合病院
西東京市,田無町七丁目,佐々総合病院,6373.0,exact,佐々総合病院
西東京市,南町一丁目,佐々総合病院,1102.0,exact,佐々総合病院
西東京市,南町二丁目,医療法人社団　薫風会　山田病院,1721.0,exact,医療法人社団　薫風会　山田病院
西東京市,南町三丁目,医療法人社団　薫風会　山田病院,6086.0,exact,医療法人社団　薫風会　山田病院
西東京市,南町四丁目,医療法人社団　薫風会　山田病院,3608.0,exact,医療法人社団　薫風会　山田病院
西東京市,南町五丁目,医療法人社団　東光会　西東京中央総合病院,923.0,exact,医療法人社団　東光会　西東京中央総合病院
西東京市,南町六丁目,医療法人社団　東光会　西東京中央総合病院,2100.0,exact,医療法人社団　東光会　西東京中央総合病院
西東京市,西原町一丁目,医療法人社団　山本・前田記念会　前田病院,344.0,exact,医療法人社団　山本・前田記念会　前田病院
西東京市,西原町二丁目,佐々総合病院,1219.0,exact,佐々総合病院
西東京市,西原町三丁目,佐々総合病院,2128.0,exact,佐々総合病院
西東京市,西原町四丁目,佐々総合病院,2962.0,exact,佐々総合病院
西東京市,西原町五丁目,医療法人社団　薫風会　山田病院,913.0,exact,医療法人社団　薫風会　山田病院
西東京市,緑町一丁目,佐々総合病院,1718.0,exact,佐々総合病院
西東京市,緑町二丁目,佐々総合病院,1501.0,exact,佐々総合病院
西東京市,緑町三丁目,医療法人財団　緑秀会　田無病院,1992.0,exact,医療法人財団　緑秀会　田無病院
西東京市,谷戸町一丁目,医療法人財団　緑秀会　田無病院,4558.0,exact,医療法人財団　緑秀会　田無病院
西東京市,谷戸町二丁目,医療法人財団　緑秀会　田無病院,7756.0,exact,医療法人財団　緑秀会　田無病院
西東京市,谷戸町三丁目,佐々総合病院,1487.0,exact,佐々総合病院
西東京市,北原町一丁目,佐々総合病院,2158.0,exact,佐々総合病院
西東京市,北原町二丁目,佐々総合病院,1022.0,exact,佐々総合病院
西東京市,北原町三丁目,医療法人財団　緑秀会　田無病院,635.0,exact,医療法人財団　緑秀会　田無病院
西東京市,向台町一丁目,医療法人社団　薫風会　山田病院,1876.0,exact,医療法人社団　薫風会　山田病院
西東京市,向台町二丁目,医療法人社団　薫風会　山田病院,1833.0,exact,医療法人社団　薫風会　山田病院
西東京市,向台町三丁目,医療法人　徳洲会　武蔵野徳洲会病院,10373.0,exact,医療法人　徳洲会　武蔵野徳洲会病院
西東京市,向台町四丁目,医療法人　徳洲会　武蔵野徳洲会病院,11717.0,exact,医療法人　徳洲会　武蔵野徳洲会病院
西東京市,向台町五丁目,医療法人　徳洲会　武蔵野徳洲会病院,1490.0,exact,医療法人　徳洲会　武蔵野徳洲会病院
西東京市,向台町六丁目,医療法人　徳洲会　武蔵野徳洲会病院,2146.0,exact,医療法人　徳洲会　武蔵野徳洲会病院
西東京市,芝久保町一丁目,医療法人社団　東光会　西東京中央総合病院,3342.0,exact,医療法人社団　東光会　西東京中央総合病院
西東京市,芝久保町二丁目,医療法人社団　東光会　西東京中央総合病院,4642.0,exact,医療法人社団　東光会　西東京中央総合病院
西東京市,芝久保町三丁目,佐々総合病院,4507.0,exact,佐々総合病院
西東京市,芝久保町四丁目,佐々総合病院,5719.0,exact,佐々総合病院
西東京市,芝久保町五丁目,佐々総合病院,3144.0,exact,佐々総合病院
